student_id,date,minutes_on_site
0,2018-09-17,14
0,2018-09-19,8
0,2018-09-25,34
0,2018-09-27,28
0,2018-09-28,37
0,2018-09-30,27
0,2018-10-01,4
0,2018-10-13,4
0,2018-10-18,19
0,2018-10-19,33
0,2018-10-26,2
0,2018-10-27,52
0,2018-10-31,52
0,2018-11-01,18
0,2018-11-18,45
0,2018-11-22,11
0,2018-11-23,60
0,2018-12-03,38
0,2018-12-14,3
1,2018-09-16,30
1,2018-09-22,28
1,2018-09-29,54
1,2018-10-05,33
1,2018-10-10,23
1,2018-10-30,45
1,2018-11-02,10
1,2018-11-09,25
1,2018-11-20,25
1,2018-11-24,24
1,2018-11-26,32
1,2018-11-29,29
1,2018-12-02,62
2,2018-09-17,47
2,2018-10-07,6
2,2018-10-21,1
3,2018-09-17,32
3,2018-09-24,45
3,2018-09-27,28
3,2018-09-30,24
4,2018-09-17,14
5,2018-09-17,21
6,2018-09-17,21
6,2018-09-18,28
6,2018-10-09,23
6,2018-10-14,22
6,2018-10-15,42
6,2018-10-29,33
6,2018-11-02,37
6,2018-11-09,17
6,2018-11-14,6
6,2018-11-20,15
6,2018-11-30,4
6,2018-12-09,70
7,2018-09-15,25
7,2018-09-19,28
8,2018-09-17,35
8,2018-09-18,33
8,2018-09-23,18
8,2018-09-27,17
8,2018-10-10,20
9,2018-09-17,37
9,2018-09-24,21
9,2018-09-29,32
10,2018-09-18,28
10,2018-09-19,64
10,2018-09-25,40
10,2018-09-26,23
10,2018-09-27,4
10,2018-09-30,26
10,2018-10-16,55
10,2018-10-19,27
10,2018-10-30,80
10,2018-11-01,29
10,2018-11-03,5
10,2018-11-06,32
10,2018-11-13,177
10,2018-11-19,16
10,2018-11-23,123
10,2018-11-26,105
10,2018-11-28,24
10,2018-12-12,13
10,2018-12-16,47
10,2018-12-23,131
11,2018-09-16,23
11,2018-09-17,15
11,2018-09-19,36
11,2018-10-02,22
11,2018-10-05,4
12,2018-09-15,19
12,2018-10-01,51
12,2018-10-06,31
12,2018-10-16,36
12,2018-10-25,40
13,2018-09-16,22
13,2018-09-20,54
13,2018-09-27,30
13,2018-10-03,28
13,2018-10-16,8
13,2018-10-20,3
13,2018-11-13,17
14,2018-09-17,21
14,2018-09-21,45
14,2018-10-05,20
14,2018-10-07,49
14,2018-10-13,85
14,2018-10-17,16
14,2018-10-20,74
14,2018-10-24,25
14,2018-10-25,17
14,2018-10-27,27
14,2018-10-29,96
14,2018-11-03,59
14,2018-11-08,124
14,2018-11-09,20
14,2018-11-11,13
14,2018-11-19,22
14,2018-11-26,3
14,2018-11-28,17
14,2018-11-29,10
14,2018-12-06,39
14,2018-12-09,36
14,2018-12-12,47
14,2018-12-21,35
15,2018-09-18,3
16,2018-09-16,58
16,2018-09-18,20
17,2018-09-15,30
17,2018-09-17,22
17,2018-09-19,33
17,2018-09-20,29
18,2018-09-18,4
19,2018-09-16,35
19,2018-09-17,72
19,2018-09-22,23
19,2018-09-26,52
19,2018-09-27,53
19,2018-09-29,51
19,2018-10-01,30
19,2018-10-03,34
19,2018-10-14,8
19,2018-10-29,29
19,2018-10-30,35
19,2018-11-01,78
19,2018-11-02,23
19,2018-11-03,21
19,2018-11-11,3
19,2018-11-12,21
19,2018-11-13,55
19,2018-11-14,71
19,2018-11-15,41
20,2018-09-16,42
20,2018-09-21,70
20,2018-10-01,10
20,2018-10-04,30
20,2018-10-05,60
20,2018-10-11,80
20,2018-10-16,87
21,2018-09-17,24
21,2018-09-23,25
21,2018-10-15,54
21,2018-10-20,29
21,2018-10-22,21
21,2018-11-03,2
22,2018-09-18,47
22,2018-09-19,19
23,2018-09-15,97
23,2018-09-18,96
23,2018-09-21,24
23,2018-09-23,38
23,2018-09-26,145
23,2018-10-02,41
23,2018-10-03,36
23,2018-10-04,21
23,2018-10-05,53
23,2018-10-12,27
23,2018-10-15,66
23,2018-10-17,27
23,2018-10-18,67
23,2018-10-21,69
23,2018-10-25,177
23,2018-10-31,47
23,2018-11-03,25
23,2018-11-05,44
23,2018-11-06,45
23,2018-11-10,35
23,2018-11-14,17
23,2018-11-17,41
23,2018-11-19,16
23,2018-11-21,13
23,2018-11-22,75
23,2018-11-23,17
23,2018-12-04,43
23,2018-12-10,10
23,2018-12-11,123
23,2018-12-12,29
23,2018-12-13,35
23,2018-12-14,57
23,2018-12-22,32
24,2018-09-15,11
24,2018-09-16,26
24,2018-09-19,8
24,2018-09-22,14
24,2018-09-23,19
24,2018-09-25,27
24,2018-09-30,34
24,2018-10-11,38
24,2018-10-22,19
24,2018-10-30,15
24,2018-11-11,16
24,2018-11-14,37
24,2018-11-21,22
24,2018-12-02,26
24,2018-12-19,27
24,2018-12-21,26
25,2018-09-16,18
25,2018-09-23,2
26,2018-09-15,53
26,2018-09-17,29
26,2018-09-24,22
26,2018-10-01,50
26,2018-10-02,29
27,2018-09-18,52
27,2018-10-14,29
27,2018-10-23,39
27,2018-10-30,70
27,2018-11-13,10
27,2018-11-14,35
27,2018-11-22,51
27,2018-12-02,39
27,2018-12-03,62
27,2018-12-06,33
27,2018-12-10,28
27,2018-12-22,4
27,2018-12-23,20
28,2018-09-15,9
29,2018-09-17,28
29,2018-09-23,34
30,2018-09-18,45
30,2018-09-21,26
30,2018-10-08,47
30,2018-10-09,33
30,2018-10-10,15
30,2018-10-11,19
30,2018-10-15,9
30,2018-10-24,30
31,2018-09-16,17
31,2018-09-20,93
31,2018-09-21,26
32,2018-09-16,16
32,2018-09-20,19
32,2018-09-21,23
33,2018-09-16,17
33,2018-10-01,41
33,2018-10-17,8
33,2018-10-22,8
33,2018-11-02,31
33,2018-11-05,29
33,2018-11-06,44
33,2018-11-11,9
34,2018-09-17,41
34,2018-09-28,30
34,2018-10-01,1
35,2018-09-16,14
35,2018-10-03,18
36,2018-09-15,23
36,2018-09-16,23
36,2018-09-27,38
36,2018-10-05,36
36,2018-10-08,23
36,2018-10-18,34
36,2018-10-19,18
36,2018-11-19,19
37,2018-09-15,4
37,2018-10-14,5
37,2018-10-15,26
37,2018-10-22,29
38,2018-09-18,9
38,2018-09-24,30
38,2018-09-28,45
38,2018-09-30,19
38,2018-10-01,16
38,2018-10-02,23
38,2018-10-13,16
38,2018-10-18,27
38,2018-10-19,60
38,2018-10-25,17
38,2018-10-31,48
38,2018-11-23,9
38,2018-11-24,17
38,2018-12-06,20
38,2018-12-14,3
39,2018-09-18,8
39,2018-09-19,3
40,2018-09-16,30
40,2018-09-20,48
40,2018-09-26,35
41,2018-09-17,82
41,2018-10-07,42
41,2018-10-25,39
41,2018-10-28,26
41,2018-11-07,22
42,2018-09-17,33
42,2018-10-05,40
42,2018-10-06,64
42,2018-10-18,89
42,2018-10-24,53
42,2018-10-26,73
42,2018-10-27,4
42,2018-11-03,66
42,2018-11-04,18
42,2018-11-15,41
42,2018-11-19,19
42,2018-11-26,19
42,2018-11-27,90
42,2018-12-03,5
42,2018-12-04,63
42,2018-12-06,102
42,2018-12-14,15
42,2018-12-15,42
43,2018-09-18,25
44,2018-09-18,20
44,2018-09-19,8
45,2018-09-18,18
46,2018-09-16,12
46,2018-09-18,16
47,2018-09-16,152
47,2018-09-18,78
47,2018-09-19,113
47,2018-09-21,36
47,2018-09-24,10
47,2018-09-29,43
47,2018-09-30,35
47,2018-10-02,37
47,2018-10-03,25
47,2018-10-05,19
47,2018-10-06,43
47,2018-10-14,51
47,2018-10-15,87
47,2018-10-16,22
47,2018-10-18,165
47,2018-10-20,65
47,2018-10-21,7
47,2018-10-22,131
47,2018-10-23,111
47,2018-10-25,54
47,2018-10-31,43
47,2018-11-01,91
47,2018-11-03,41
47,2018-11-25,90
47,2018-11-27,11
47,2018-12-03,57
47,2018-12-07,36
47,2018-12-08,28
47,2018-12-10,13
47,2018-12-13,99
47,2018-12-15,56
47,2018-12-18,20
48,2018-09-15,27
49,2018-09-16,34
49,2018-09-21,11
49,2018-09-23,47
49,2018-09-25,69
49,2018-10-02,33
49,2018-10-03,30
49,2018-10-14,22
50,2018-09-15,37
50,2018-09-21,30
51,2018-09-18,30
51,2018-09-19,27
52,2018-09-16,25
53,2018-09-15,13
53,2018-09-30,18
53,2018-10-02,26
53,2018-10-05,24
53,2018-10-08,3
53,2018-10-17,37
53,2018-11-06,14
53,2018-11-09,4
53,2018-11-23,48
53,2018-12-02,26
53,2018-12-04,33
54,2018-09-17,13
54,2018-09-28,22
54,2018-10-03,30
54,2018-10-18,10
55,2018-09-18,20
55,2018-09-19,35
55,2018-09-25,25
55,2018-09-29,98
55,2018-10-12,49
55,2018-10-15,38
55,2018-10-20,16
55,2018-10-21,55
55,2018-10-26,13
55,2018-11-08,28
55,2018-11-21,42
55,2018-11-22,28
55,2018-11-29,36
55,2018-12-06,10
56,2018-09-16,21
56,2018-09-22,3
56,2018-09-30,14
57,2018-09-15,15
57,2018-09-16,32
57,2018-09-18,27
57,2018-09-25,67
57,2018-09-28,3
58,2018-09-17,21
58,2018-09-18,14
58,2018-10-03,60
59,2018-09-17,49
59,2018-10-13,22
59,2018-11-08,15
59,2018-11-13,20
59,2018-12-06,12
59,2018-12-07,20
59,2018-12-08,29
59,2018-12-16,21
59,2018-12-18,30
59,2018-12-20,28
59,2018-12-23,2
60,2018-09-15,16
60,2018-09-22,26
60,2018-09-26,40
61,2018-09-16,39
61,2018-09-21,35
61,2018-09-22,27
61,2018-09-23,25
61,2018-10-04,20
61,2018-10-11,22
61,2018-10-29,32
61,2018-11-14,7
61,2018-12-13,7
61,2018-12-20,24
62,2018-09-16,38
62,2018-09-18,21
62,2018-09-28,12
63,2018-09-17,33
63,2018-09-18,11
64,2018-09-18,193
64,2018-09-19,75
64,2018-09-28,33
64,2018-09-30,25
64,2018-10-01,77
64,2018-10-02,81
64,2018-10-03,54
64,2018-10-08,47
64,2018-10-20,19
64,2018-11-09,6
64,2018-11-15,9
64,2018-11-17,19
64,2018-11-21,25
64,2018-12-18,18
64,2018-12-19,16
65,2018-09-15,35
65,2018-09-19,8
65,2018-09-21,32
65,2018-09-25,20
66,2018-09-18,19
66,2018-09-20,25
67,2018-09-15,53
67,2018-09-21,18
67,2018-09-24,19
67,2018-10-01,29
68,2018-09-15,28
69,2018-09-15,23
69,2018-09-19,10
69,2018-09-23,26
69,2018-09-24,35
69,2018-09-28,183
69,2018-10-03,61
69,2018-10-04,26
69,2018-10-07,25
69,2018-10-08,16
69,2018-10-09,32
69,2018-10-10,27
69,2018-10-14,18
69,2018-10-22,24
69,2018-10-28,25
69,2018-10-30,19
69,2018-11-05,62
69,2018-11-06,14
69,2018-11-14,151
69,2018-11-16,18
70,2018-09-16,6
70,2018-09-30,18
70,2018-10-05,20
70,2018-10-10,2
71,2018-09-15,14
72,2018-09-17,5
72,2018-09-18,44
73,2018-09-17,23
73,2018-09-30,28
73,2018-10-04,40
73,2018-10-05,37
73,2018-10-07,29
73,2018-10-13,16
73,2018-10-19,7
73,2018-10-21,39
74,2018-09-16,6
74,2018-10-05,75
75,2018-09-15,50
76,2018-09-17,48
76,2018-09-21,14
76,2018-09-25,47
76,2018-10-30,46
76,2018-10-31,30
77,2018-09-18,48
77,2018-09-20,28
77,2018-09-21,90
77,2018-09-26,82
77,2018-10-04,37
77,2018-10-08,19
77,2018-10-17,6
77,2018-10-19,39
78,2018-09-18,50
78,2018-09-22,8
79,2018-09-16,24
80,2018-09-18,1
80,2018-09-21,21
80,2018-09-22,52
80,2018-09-26,22
80,2018-10-03,21
80,2018-10-07,23
80,2018-10-16,49
80,2018-10-27,19
80,2018-10-30,24
80,2018-11-04,33
80,2018-11-09,14
80,2018-11-10,1
80,2018-11-16,18
80,2018-11-17,15
80,2018-11-22,13
80,2018-11-27,14
81,2018-09-15,30
81,2018-09-24,17
81,2018-10-28,3
81,2018-11-04,2
81,2018-11-08,26
81,2018-11-09,4
81,2018-11-16,30
81,2018-11-18,20
81,2018-11-23,21
82,2018-09-15,8
83,2018-09-18,20
83,2018-09-23,38
83,2018-09-27,64
83,2018-10-02,19
83,2018-10-05,114
83,2018-10-14,44
83,2018-10-16,22
83,2018-10-17,15
83,2018-10-18,22
83,2018-10-27,1
83,2018-10-29,60
83,2018-10-31,8
83,2018-11-01,47
83,2018-11-08,18
83,2018-11-27,93
83,2018-12-20,22
83,2018-12-23,11
84,2018-09-17,109
84,2018-09-20,40
84,2018-09-22,46
84,2018-09-24,18
84,2018-09-25,30
84,2018-09-30,54
84,2018-10-01,45
84,2018-10-02,59
84,2018-10-03,65
84,2018-10-04,10
84,2018-10-05,24
84,2018-10-06,17
84,2018-10-09,25
84,2018-10-12,18
84,2018-10-15,90
84,2018-10-18,136
84,2018-10-19,119
84,2018-10-22,109
84,2018-10-23,38
84,2018-10-24,37
84,2018-10-30,69
84,2018-11-05,103
84,2018-11-09,9
84,2018-11-12,84
84,2018-11-15,76
84,2018-11-16,20
84,2018-11-21,41
84,2018-11-22,36
84,2018-11-23,80
84,2018-11-26,41
84,2018-12-01,34
84,2018-12-04,62
84,2018-12-06,15
84,2018-12-08,86
84,2018-12-11,38
84,2018-12-12,32
84,2018-12-19,89
84,2018-12-23,24
85,2018-09-17,25
85,2018-09-18,28
85,2018-09-22,28
85,2018-09-23,23
85,2018-10-03,11
85,2018-10-15,21
85,2018-10-16,59
85,2018-10-17,14
86,2018-09-15,22
86,2018-09-18,16
87,2018-09-17,29
88,2018-09-15,76
88,2018-09-16,64
88,2018-09-19,46
88,2018-09-25,27
88,2018-09-26,8
88,2018-10-11,27
88,2018-10-17,4
88,2018-11-09,102
88,2018-11-16,77
88,2018-11-22,36
88,2018-11-26,31
88,2018-12-07,22
88,2018-12-08,103
88,2018-12-12,37
88,2018-12-14,21
89,2018-09-17,28
90,2018-09-15,8
91,2018-09-18,30
91,2018-09-21,21
91,2018-09-22,20
91,2018-09-23,9
91,2018-10-01,10
92,2018-09-15,24
92,2018-09-23,65
92,2018-09-30,33
92,2018-10-03,96
92,2018-10-06,66
92,2018-10-08,51
92,2018-10-14,54
92,2018-10-15,68
92,2018-10-20,100
92,2018-10-29,20
92,2018-10-30,112
92,2018-11-02,82
92,2018-11-05,49
92,2018-11-08,85
92,2018-11-11,37
92,2018-11-17,26
92,2018-11-18,58
92,2018-11-20,31
92,2018-11-22,75
92,2018-11-23,35
92,2018-11-28,44
92,2018-12-03,91
92,2018-12-04,46
92,2018-12-09,18
92,2018-12-16,18
92,2018-12-20,20
92,2018-12-21,170
92,2018-12-22,43
92,2018-12-23,301
93,2018-09-16,20
93,2018-09-19,24
93,2018-10-10,29
93,2018-10-17,28
93,2018-11-18,19
93,2018-12-15,8
93,2018-12-18,39
93,2018-12-21,3
93,2018-12-22,44
94,2018-09-16,10
94,2018-09-22,12
94,2018-09-25,29
94,2018-10-05,4
94,2018-10-22,18
94,2018-10-23,26
94,2018-10-28,30
94,2018-10-29,26
94,2018-10-30,12
94,2018-10-31,37
94,2018-11-01,21
94,2018-11-17,45
95,2018-09-17,182
95,2018-09-18,34
95,2018-09-19,30
95,2018-09-20,64
95,2018-09-21,34
95,2018-09-24,36
95,2018-09-27,52
95,2018-09-28,61
95,2018-10-03,37
95,2018-10-04,70
95,2018-10-05,35
95,2018-10-09,53
95,2018-10-11,114
95,2018-10-12,21
95,2018-10-14,130
95,2018-10-17,56
95,2018-10-18,54
95,2018-10-29,175
95,2018-10-30,68
95,2018-11-01,28
95,2018-11-13,264
95,2018-11-15,79
95,2018-11-16,55
95,2018-11-17,36
95,2018-11-18,26
95,2018-11-21,18
95,2018-11-24,21
95,2018-11-25,8
95,2018-11-26,23
95,2018-11-27,14
95,2018-11-30,18
95,2018-12-02,19
95,2018-12-03,13
95,2018-12-06,25
95,2018-12-07,17
95,2018-12-08,7
95,2018-12-09,1
95,2018-12-14,8
95,2018-12-15,23
95,2018-12-16,12
95,2018-12-18,10
95,2018-12-20,21
96,2018-09-18,104
96,2018-09-28,32
96,2018-09-30,65
96,2018-10-04,111
96,2018-10-24,56
96,2018-10-25,24
96,2018-10-28,52
96,2018-11-17,12
96,2018-11-24,92
96,2018-12-02,106
96,2018-12-06,64
96,2018-12-17,33
96,2018-12-21,51
96,2018-12-22,36
97,2018-09-17,38
97,2018-09-18,43
97,2018-09-19,17
97,2018-09-29,30
97,2018-10-03,18
97,2018-10-10,20
97,2018-10-16,33
97,2018-10-29,26
98,2018-09-15,15
98,2018-09-27,36
98,2018-10-04,16
98,2018-10-05,33
98,2018-10-06,22
99,2018-09-18,22
99,2018-09-21,44
100,2018-09-18,6
100,2018-09-24,7
100,2018-10-03,15
100,2018-10-04,23
101,2018-09-17,8
102,2018-09-18,29
102,2018-09-19,55
102,2018-09-29,7
102,2018-10-14,58
102,2018-10-20,28
102,2018-10-21,61
102,2018-10-23,26
102,2018-10-24,21
102,2018-11-02,41
102,2018-11-08,43
102,2018-11-09,31
102,2018-11-12,89
102,2018-11-18,36
102,2018-11-22,90
102,2018-11-23,64
102,2018-11-25,37
102,2018-11-27,40
102,2018-12-07,75
103,2018-09-17,7
103,2018-09-21,2
104,2018-09-16,24
104,2018-09-18,7
105,2018-09-17,13
106,2018-09-16,14
106,2018-09-24,23
106,2018-10-02,11
106,2018-10-16,30
106,2018-10-20,32
106,2018-10-31,25
106,2018-11-13,11
106,2018-11-16,29
106,2018-11-26,49
107,2018-09-16,17
107,2018-09-23,39
108,2018-09-16,17
108,2018-10-05,22
109,2018-09-15,15
110,2018-09-16,41
110,2018-09-20,39
110,2018-09-30,36
110,2018-10-02,35
110,2018-10-03,25
110,2018-10-08,6
110,2018-10-17,23
110,2018-10-18,63
110,2018-10-20,25
110,2018-10-27,64
111,2018-09-17,27
111,2018-09-20,9
111,2018-09-27,9
111,2018-10-09,11
111,2018-10-20,15
111,2018-10-23,12
111,2018-10-29,26
112,2018-09-17,49
112,2018-09-22,35
113,2018-09-18,42
113,2018-09-30,81
113,2018-10-02,9
113,2018-10-09,46
113,2018-10-10,32
113,2018-10-11,55
113,2018-10-12,111
113,2018-10-13,19
113,2018-10-18,28
113,2018-10-22,13
113,2018-10-30,28
113,2018-11-06,74
113,2018-11-09,30
113,2018-11-11,42
113,2018-11-12,173
113,2018-11-14,37
113,2018-11-16,19
113,2018-11-19,20
113,2018-11-20,47
113,2018-11-22,48
113,2018-11-24,52
113,2018-11-26,220
113,2018-12-01,24
113,2018-12-04,74
113,2018-12-05,73
113,2018-12-17,99
113,2018-12-18,204
113,2018-12-20,29
114,2018-09-17,49
114,2018-09-18,38
114,2018-09-21,3
114,2018-09-22,56
114,2018-09-23,31
114,2018-09-24,38
114,2018-09-25,5
114,2018-10-01,4
114,2018-10-02,146
114,2018-10-15,27
114,2018-10-19,25
114,2018-10-25,45
114,2018-11-01,24
114,2018-11-06,70
114,2018-11-07,57
114,2018-11-14,32
114,2018-11-15,17
114,2018-11-22,18
114,2018-12-05,23
114,2018-12-07,61
114,2018-12-08,15
114,2018-12-17,59
114,2018-12-21,28
115,2018-09-15,15
115,2018-09-19,21
115,2018-09-22,46
115,2018-10-01,94
115,2018-10-03,117
115,2018-10-13,35
115,2018-10-22,19
116,2018-09-15,57
116,2018-09-16,14
116,2018-09-17,33
116,2018-09-28,3
116,2018-10-28,27
116,2018-11-18,79
116,2018-11-24,80
116,2018-12-01,26
116,2018-12-03,11
116,2018-12-04,38
116,2018-12-08,20
116,2018-12-14,120
116,2018-12-15,27
116,2018-12-16,13
117,2018-09-17,35
117,2018-09-25,5
117,2018-09-28,22
117,2018-10-09,13
118,2018-09-17,46
118,2018-09-29,51
119,2018-09-18,7
119,2018-09-25,50
119,2018-09-26,206
119,2018-09-27,111
119,2018-09-28,21
119,2018-10-01,70
119,2018-10-02,45
119,2018-10-03,146
119,2018-10-04,31
119,2018-10-05,24
119,2018-10-06,15
119,2018-10-10,67
119,2018-10-11,36
119,2018-10-13,12
119,2018-10-24,26
119,2018-10-29,61
119,2018-11-01,101
119,2018-11-02,20
119,2018-11-05,13
119,2018-11-07,20
119,2018-11-08,34
119,2018-11-12,26
119,2018-11-20,12
119,2018-11-23,42
119,2018-11-26,34
119,2018-11-27,90
119,2018-11-30,63
119,2018-12-03,27
119,2018-12-08,27
119,2018-12-11,37
119,2018-12-13,145
119,2018-12-18,141
119,2018-12-22,26
120,2018-09-18,59
120,2018-09-28,54
120,2018-10-05,26
120,2018-10-06,12
120,2018-10-12,16
120,2018-10-19,29
120,2018-10-23,56
120,2018-11-13,88
120,2018-11-14,32
120,2018-11-15,62
120,2018-11-16,106
120,2018-11-17,71
120,2018-11-18,14
120,2018-11-20,41
120,2018-11-25,26
120,2018-11-27,63
120,2018-12-08,208
120,2018-12-11,43
120,2018-12-17,46
120,2018-12-19,54
121,2018-09-15,53
122,2018-09-16,8
122,2018-09-21,20
122,2018-09-26,15
123,2018-09-18,27
124,2018-09-17,16
124,2018-09-28,21
125,2018-09-17,34
125,2018-09-19,34
125,2018-10-02,16
126,2018-09-17,103
126,2018-09-20,110
126,2018-09-22,64
126,2018-09-23,65
126,2018-09-25,31
126,2018-09-30,30
126,2018-10-05,29
127,2018-09-15,94
127,2018-09-21,32
127,2018-09-26,51
127,2018-09-27,102
127,2018-10-02,83
127,2018-10-04,13
127,2018-10-07,53
127,2018-10-09,58
127,2018-10-10,62
127,2018-10-14,17
127,2018-10-17,48
127,2018-10-18,19
127,2018-10-19,75
127,2018-10-20,105
127,2018-10-30,46
127,2018-10-31,30
127,2018-11-02,28
127,2018-11-05,150
127,2018-11-06,73
127,2018-11-08,52
127,2018-11-09,197
127,2018-11-10,114
127,2018-11-13,48
127,2018-11-22,44
127,2018-11-26,15
127,2018-11-27,10
127,2018-11-28,70
127,2018-12-07,14
127,2018-12-08,24
127,2018-12-09,37
127,2018-12-10,28
127,2018-12-11,52
127,2018-12-12,35
127,2018-12-17,155
127,2018-12-23,23
128,2018-09-18,13
128,2018-09-21,43
129,2018-09-17,13
129,2018-09-18,46
129,2018-09-19,22
129,2018-09-26,44
129,2018-09-29,42
129,2018-10-09,48
129,2018-10-12,30
129,2018-10-13,72
129,2018-10-27,34
129,2018-10-28,38
129,2018-10-31,30
129,2018-11-01,123
129,2018-11-02,71
129,2018-11-08,159
129,2018-11-09,120
129,2018-11-10,171
129,2018-11-11,24
129,2018-11-12,66
129,2018-11-20,57
129,2018-11-21,99
129,2018-11-22,45
129,2018-11-23,83
129,2018-11-25,19
129,2018-11-28,45
129,2018-11-29,21
129,2018-11-30,199
129,2018-12-01,57
129,2018-12-02,88
129,2018-12-03,37
129,2018-12-04,65
129,2018-12-05,4
129,2018-12-08,21
129,2018-12-09,26
129,2018-12-10,29
129,2018-12-15,25
129,2018-12-16,39
129,2018-12-17,26
129,2018-12-19,23
129,2018-12-20,27
129,2018-12-22,9
130,2018-09-18,69
130,2018-09-22,48
130,2018-09-24,66
130,2018-09-26,73
130,2018-09-27,139
130,2018-09-28,18
130,2018-10-04,20
130,2018-10-18,26
130,2018-10-20,57
130,2018-10-22,53
130,2018-10-23,133
130,2018-10-28,31
130,2018-10-29,25
130,2018-10-30,4
130,2018-11-04,29
130,2018-11-08,40
130,2018-11-16,31
130,2018-11-20,45
130,2018-11-23,46
130,2018-11-24,12
130,2018-11-27,86
130,2018-11-28,148
130,2018-12-09,159
130,2018-12-10,78
130,2018-12-18,23
130,2018-12-20,58
130,2018-12-23,47
131,2018-09-16,40
131,2018-09-17,6
131,2018-10-06,13
131,2018-10-16,32
131,2018-10-21,16
132,2018-09-15,11
132,2018-09-22,47
132,2018-09-27,17
132,2018-09-28,42
133,2018-09-17,7
133,2018-10-04,21
133,2018-10-06,63
134,2018-09-18,34
134,2018-09-26,10
134,2018-10-05,23
134,2018-10-15,26
134,2018-10-16,44
135,2018-09-17,2
135,2018-09-18,31
135,2018-09-19,10
135,2018-10-09,4
135,2018-10-20,38
135,2018-10-23,80
135,2018-12-21,30
136,2018-09-15,31
136,2018-09-29,11
136,2018-09-30,20
137,2018-09-16,41
137,2018-09-17,39
137,2018-09-28,42
138,2018-09-16,18
139,2018-09-18,21
140,2018-09-18,23
140,2018-09-25,9
140,2018-10-19,47
140,2018-10-20,35
140,2018-10-26,14
140,2018-11-19,44
140,2018-11-20,15
141,2018-09-15,6
142,2018-09-17,30
142,2018-09-20,26
142,2018-09-21,26
142,2018-09-27,30
142,2018-09-28,22
142,2018-10-07,14
142,2018-10-10,20
142,2018-10-13,15
142,2018-10-15,30
142,2018-10-16,40
142,2018-10-19,20
142,2018-10-20,17
142,2018-10-25,44
143,2018-09-17,37
143,2018-10-09,12
143,2018-10-10,31
143,2018-10-14,64
144,2018-09-17,24
144,2018-10-03,22
144,2018-10-11,12
144,2018-10-17,18
144,2018-10-20,26
144,2018-10-21,31
144,2018-10-24,21
144,2018-10-28,10
144,2018-10-29,52
144,2018-10-30,12
144,2018-11-16,30
144,2018-11-17,28
145,2018-09-15,22
145,2018-09-21,44
145,2018-09-28,12
145,2018-10-08,38
145,2018-10-11,1
145,2018-10-25,12
145,2018-10-27,7
145,2018-10-31,20
145,2018-11-11,17
145,2018-11-15,18
145,2018-11-18,26
145,2018-11-26,22
145,2018-11-27,28
145,2018-11-28,29
145,2018-12-01,8
145,2018-12-02,24
145,2018-12-06,32
145,2018-12-07,26
146,2018-09-18,76
146,2018-09-21,23
146,2018-09-29,50
146,2018-10-04,23
146,2018-10-07,114
146,2018-10-08,51
146,2018-10-09,17
146,2018-10-11,131
146,2018-10-13,120
146,2018-10-14,75
146,2018-10-17,39
146,2018-10-19,82
146,2018-10-24,133
146,2018-10-30,91
146,2018-11-04,31
146,2018-11-05,79
146,2018-11-06,162
146,2018-11-10,197
146,2018-11-11,58
146,2018-11-13,65
146,2018-11-15,44
146,2018-11-16,13
146,2018-11-18,22
146,2018-11-19,59
146,2018-11-21,107
146,2018-11-22,64
146,2018-11-26,17
146,2018-11-27,53
146,2018-11-28,25
146,2018-11-29,28
146,2018-11-30,68
146,2018-12-07,29
146,2018-12-09,30
146,2018-12-13,17
146,2018-12-14,28
146,2018-12-15,1
146,2018-12-19,1
146,2018-12-22,22
146,2018-12-23,30
147,2018-09-16,40
147,2018-09-18,23
147,2018-09-26,30
147,2018-10-02,2
148,2018-09-15,37
148,2018-09-16,58
149,2018-09-15,27
149,2018-09-27,7
149,2018-10-01,10
150,2018-09-17,15
150,2018-09-29,16
150,2018-09-30,21
150,2018-10-03,48
150,2018-10-06,34
150,2018-10-15,15
150,2018-10-17,30
150,2018-10-23,18
150,2018-10-25,36
150,2018-11-10,59
150,2018-11-12,24
150,2018-11-26,18
151,2018-09-15,44
151,2018-09-28,37
151,2018-10-05,21
151,2018-10-06,12
151,2018-10-12,20
152,2018-09-18,50
152,2018-09-22,28
152,2018-09-28,29
152,2018-09-29,28
152,2018-10-08,40
152,2018-10-10,34
152,2018-10-16,1
152,2018-10-17,59
152,2018-10-20,227
152,2018-10-22,63
152,2018-10-24,21
152,2018-10-26,32
152,2018-11-01,162
152,2018-11-03,16
152,2018-11-08,50
152,2018-11-09,94
152,2018-11-10,10
152,2018-11-12,166
152,2018-11-24,79
152,2018-11-25,26
152,2018-11-26,10
152,2018-12-11,67
152,2018-12-21,17
152,2018-12-22,8
152,2018-12-23,30
153,2018-09-18,15
153,2018-09-19,36
153,2018-09-29,54
153,2018-09-30,48
154,2018-09-15,3
154,2018-09-22,3
154,2018-10-02,20
154,2018-10-09,42
155,2018-09-18,11
155,2018-10-13,10
155,2018-11-02,5
155,2018-11-03,27
156,2018-09-18,26
156,2018-09-23,29
157,2018-09-17,61
158,2018-09-16,54
158,2018-09-17,29
158,2018-09-23,34
158,2018-09-29,38
158,2018-10-04,68
158,2018-10-07,112
158,2018-10-09,70
158,2018-10-10,55
158,2018-10-12,113
158,2018-10-14,88
158,2018-10-18,96
158,2018-10-19,71
158,2018-10-22,4
158,2018-10-26,99
158,2018-10-28,75
158,2018-11-04,44
158,2018-11-05,80
158,2018-11-06,22
158,2018-11-07,3
158,2018-11-08,29
158,2018-11-13,31
158,2018-11-14,50
158,2018-11-15,83
158,2018-11-16,65
158,2018-11-19,84
158,2018-11-21,9
158,2018-11-22,58
158,2018-11-23,25
158,2018-11-29,126
158,2018-11-30,77
158,2018-12-04,76
158,2018-12-08,46
158,2018-12-10,1
158,2018-12-16,29
158,2018-12-18,5
158,2018-12-19,20
158,2018-12-21,29
159,2018-09-15,64
159,2018-09-16,30
159,2018-09-17,59
159,2018-09-23,93
159,2018-09-27,58
159,2018-09-28,11
159,2018-09-29,132
159,2018-09-30,64
159,2018-10-04,96
159,2018-10-10,58
159,2018-10-13,269
159,2018-10-19,188
159,2018-10-25,124
159,2018-10-26,26
159,2018-10-27,34
159,2018-10-29,86
159,2018-10-30,25
159,2018-11-05,24
159,2018-11-08,191
159,2018-11-09,27
159,2018-11-18,31
159,2018-11-19,43
159,2018-11-20,26
159,2018-11-22,22
159,2018-11-26,18
159,2018-11-27,48
159,2018-11-30,36
159,2018-12-05,30
159,2018-12-06,15
159,2018-12-21,26
160,2018-09-16,28
160,2018-09-18,11
160,2018-09-22,17
160,2018-10-17,24
160,2018-10-18,34
160,2018-10-19,8
160,2018-10-21,35
160,2018-10-22,83
161,2018-09-18,73
161,2018-09-20,34
161,2018-09-21,30
161,2018-10-09,60
161,2018-10-14,26
161,2018-10-15,21
161,2018-10-17,100
161,2018-10-28,43
161,2018-10-31,88
161,2018-11-02,41
161,2018-11-11,56
161,2018-11-12,82
161,2018-11-13,96
161,2018-11-14,88
161,2018-11-15,98
161,2018-11-16,28
161,2018-11-22,20
161,2018-11-23,80
161,2018-11-26,159
161,2018-11-28,30
161,2018-11-29,103
161,2018-12-06,87
161,2018-12-10,23
161,2018-12-13,70
161,2018-12-19,39
161,2018-12-20,84
162,2018-09-17,36
162,2018-09-21,39
162,2018-09-22,19
162,2018-09-23,48
162,2018-09-30,125
162,2018-10-06,26
162,2018-10-24,73
162,2018-10-26,158
162,2018-10-27,42
162,2018-11-03,45
162,2018-11-07,57
162,2018-11-08,15
162,2018-11-10,37
162,2018-11-12,34
162,2018-11-16,38
162,2018-11-19,20
162,2018-11-20,61
162,2018-12-02,61
162,2018-12-06,26
162,2018-12-09,41
162,2018-12-11,137
162,2018-12-12,68
162,2018-12-13,24
162,2018-12-20,31
162,2018-12-23,30
163,2018-09-17,64
163,2018-09-18,19
164,2018-09-15,22
164,2018-09-17,18
164,2018-09-25,56
164,2018-10-01,27
164,2018-10-02,33
164,2018-10-11,40
165,2018-09-16,29
165,2018-09-21,22
166,2018-09-17,21
167,2018-09-18,34
167,2018-09-28,37
167,2018-09-30,16
167,2018-10-04,48
167,2018-10-05,41
168,2018-09-16,35
169,2018-09-18,29
170,2018-09-16,26
170,2018-10-04,16
170,2018-10-11,31
170,2018-10-18,36
170,2018-10-19,19
170,2018-11-13,8
170,2018-11-26,48
171,2018-09-16,28
171,2018-10-03,24
171,2018-10-14,3
171,2018-10-20,12
171,2018-10-30,10
171,2018-10-31,30
171,2018-11-05,25
171,2018-11-06,29
171,2018-11-11,54
171,2018-11-17,59
171,2018-11-24,8
172,2018-09-17,21
172,2018-09-19,55
172,2018-10-03,10
172,2018-10-29,34
173,2018-09-18,13
173,2018-09-23,19
173,2018-10-07,2
173,2018-10-15,29
173,2018-10-17,3
173,2018-10-28,6
173,2018-11-06,14
173,2018-11-08,24
173,2018-11-17,6
173,2018-11-27,38
173,2018-12-16,30
173,2018-12-18,30
173,2018-12-22,13
174,2018-09-18,3
174,2018-09-25,23
174,2018-09-28,44
174,2018-09-29,11
175,2018-09-15,69
175,2018-09-30,12
175,2018-10-02,8
175,2018-10-15,4
175,2018-10-20,21
175,2018-10-23,33
175,2018-10-24,10
175,2018-10-25,5
175,2018-10-26,20
175,2018-11-02,31
175,2018-11-03,27
175,2018-11-07,15
176,2018-09-17,11
176,2018-09-23,21
176,2018-10-02,15
176,2018-10-09,27
176,2018-10-17,60
176,2018-10-23,90
176,2018-10-29,12
176,2018-10-30,26
177,2018-09-18,21
177,2018-09-20,23
177,2018-09-26,24
178,2018-09-18,14
178,2018-09-19,149
178,2018-09-20,40
178,2018-09-21,24
178,2018-09-22,7
178,2018-09-25,70
178,2018-10-06,2
178,2018-10-19,28
178,2018-10-21,38
178,2018-10-24,98
178,2018-10-25,72
178,2018-10-28,75
178,2018-10-31,60
178,2018-11-01,69
178,2018-11-10,339
178,2018-11-11,64
178,2018-11-12,36
178,2018-11-13,31
178,2018-11-21,69
178,2018-11-22,33
178,2018-11-23,38
178,2018-11-25,12
178,2018-11-26,64
178,2018-11-27,101
178,2018-11-28,30
178,2018-12-12,39
178,2018-12-15,40
178,2018-12-18,171
178,2018-12-19,67
179,2018-09-17,32
180,2018-09-17,33
180,2018-09-23,22
180,2018-09-30,27
180,2018-10-11,48
180,2018-11-11,65
180,2018-11-12,15
180,2018-12-04,31
180,2018-12-06,44
180,2018-12-22,68
181,2018-09-17,37
181,2018-09-22,42
181,2018-09-26,5
181,2018-09-27,47
181,2018-09-30,56
181,2018-10-03,49
181,2018-10-05,55
181,2018-10-06,99
181,2018-10-11,26
181,2018-10-16,49
181,2018-10-23,33
182,2018-09-18,23
182,2018-09-23,19
182,2018-10-02,6
182,2018-10-03,52
182,2018-10-05,6
183,2018-09-16,25
183,2018-09-21,9
183,2018-09-23,9
183,2018-09-24,5
183,2018-10-16,14
183,2018-10-22,52
184,2018-09-17,31
185,2018-09-17,7
186,2018-09-16,14
186,2018-09-18,46
186,2018-09-21,6
186,2018-09-26,30
186,2018-10-13,69
186,2018-10-26,36
186,2018-11-04,8
187,2018-09-18,13
187,2018-09-21,7
187,2018-09-22,1
187,2018-10-07,36
187,2018-10-08,7
187,2018-10-09,56
188,2018-09-18,18
188,2018-10-09,22
188,2018-10-24,15
188,2018-10-29,13
188,2018-11-01,19
189,2018-09-17,10
189,2018-09-25,28
189,2018-10-05,12
190,2018-09-16,9
190,2018-09-17,32
190,2018-09-30,8
191,2018-09-17,22
191,2018-09-29,29
191,2018-10-11,16
191,2018-10-13,11
192,2018-09-15,38
192,2018-09-19,41
193,2018-09-16,22
193,2018-09-22,15
193,2018-09-24,32
194,2018-09-16,33
194,2018-09-20,60
194,2018-09-22,4
194,2018-09-23,28
194,2018-09-24,17
194,2018-09-29,39
194,2018-10-02,25
194,2018-10-05,5
194,2018-10-07,87
194,2018-10-16,6
194,2018-10-19,184
194,2018-10-22,34
194,2018-10-30,57
195,2018-09-18,86
196,2018-09-16,21
196,2018-09-29,27
196,2018-09-30,14
196,2018-10-01,23
196,2018-10-07,32
196,2018-10-08,45
196,2018-10-13,13
196,2018-11-04,41
196,2018-11-05,22
196,2018-11-06,18
196,2018-11-14,26
196,2018-11-15,15
196,2018-11-21,51
197,2018-09-15,55
197,2018-09-17,11
197,2018-09-27,4
197,2018-10-07,41
197,2018-10-18,25
197,2018-10-19,30
197,2018-10-20,30
197,2018-10-27,86
197,2018-10-29,64
197,2018-11-24,49
197,2018-12-03,25
197,2018-12-04,21
198,2018-09-15,10
198,2018-09-18,2
198,2018-09-19,13
198,2018-09-28,77
198,2018-09-30,32
198,2018-10-05,30
198,2018-10-12,15
198,2018-10-27,4
198,2018-11-01,40
198,2018-11-08,25
198,2018-11-09,30
198,2018-11-10,68
198,2018-11-11,52
198,2018-11-12,3
198,2018-11-16,19
198,2018-11-17,15
198,2018-11-18,29
198,2018-11-21,10
198,2018-11-23,14
198,2018-12-12,39
198,2018-12-17,103
198,2018-12-19,16
198,2018-12-22,15
198,2018-12-23,76
199,2018-09-17,57
199,2018-09-19,107
199,2018-09-22,24
199,2018-10-13,7
199,2018-10-14,51
199,2018-10-15,61
199,2018-10-16,5
199,2018-10-17,9
199,2018-10-22,105
199,2018-10-28,45
199,2018-11-01,36
199,2018-11-06,53
199,2018-11-08,16
199,2018-11-09,14
199,2018-11-12,28
199,2018-11-14,9
199,2018-11-21,86
199,2018-11-28,66
199,2018-11-29,38
199,2018-11-30,29
199,2018-12-01,71
199,2018-12-04,14
199,2018-12-08,18
199,2018-12-09,87
199,2018-12-19,80
200,2018-09-16,61
200,2018-09-23,37
200,2018-09-27,35
200,2018-10-10,45
200,2018-10-19,18
200,2018-10-21,42
200,2018-11-07,36
200,2018-11-13,113
200,2018-11-16,8
200,2018-11-17,44
200,2018-11-26,53
200,2018-11-29,38
200,2018-11-30,93
200,2018-12-08,3
200,2018-12-10,26
200,2018-12-11,51
200,2018-12-18,40
201,2018-09-16,13
201,2018-09-22,28
201,2018-10-15,21
201,2018-11-07,11
201,2018-11-13,9
201,2018-11-16,34
202,2018-09-16,36
202,2018-09-19,16
202,2018-09-26,20
202,2018-10-13,40
202,2018-10-22,17
202,2018-10-23,36
202,2018-11-01,20
202,2018-11-07,33
202,2018-11-08,37
202,2018-11-09,7
202,2018-11-10,33
202,2018-11-11,60
202,2018-11-23,62
202,2018-12-18,73
202,2018-12-21,32
203,2018-09-18,86
203,2018-09-22,19
203,2018-09-23,16
203,2018-09-27,5
203,2018-09-28,32
203,2018-10-02,19
203,2018-10-13,45
203,2018-10-14,28
204,2018-09-18,8
204,2018-09-30,13
204,2018-10-02,25
204,2018-10-03,23
204,2018-10-31,30
204,2018-11-30,34
204,2018-12-11,4
204,2018-12-13,1
204,2018-12-19,20
205,2018-09-15,51
205,2018-09-16,86
205,2018-09-19,17
205,2018-09-24,42
205,2018-10-05,23
205,2018-10-09,2
205,2018-10-12,33
205,2018-10-15,25
205,2018-10-19,2
206,2018-09-16,8
207,2018-09-16,47
207,2018-09-23,45
207,2018-09-25,22
207,2018-10-03,22
207,2018-10-10,9
208,2018-09-15,240
208,2018-09-17,41
208,2018-09-19,32
208,2018-09-20,26
208,2018-09-21,90
208,2018-09-23,34
208,2018-09-27,105
208,2018-10-06,38
208,2018-10-12,72
208,2018-10-16,65
208,2018-10-26,46
208,2018-11-05,143
208,2018-11-08,51
208,2018-11-09,108
208,2018-11-10,107
208,2018-11-11,41
208,2018-11-12,194
208,2018-11-13,41
208,2018-11-14,181
208,2018-11-15,70
208,2018-11-16,26
208,2018-11-17,15
208,2018-11-18,27
208,2018-11-19,19
208,2018-11-20,12
208,2018-11-24,11
208,2018-11-28,27
208,2018-11-29,10
208,2018-12-03,6
208,2018-12-07,14
208,2018-12-08,6
208,2018-12-11,29
208,2018-12-13,22
208,2018-12-16,11
208,2018-12-19,4
208,2018-12-21,22
209,2018-09-16,6
209,2018-10-01,25
209,2018-10-02,40
209,2018-10-12,34
209,2018-10-13,16
209,2018-10-17,44
209,2018-10-29,64
209,2018-11-25,19
209,2018-12-06,5
210,2018-09-17,35
210,2018-09-23,41
210,2018-09-28,57
210,2018-10-01,12
210,2018-10-04,51
210,2018-10-08,44
210,2018-10-10,46
210,2018-10-22,91
210,2018-10-23,37
210,2018-10-29,177
210,2018-11-04,68
210,2018-11-06,53
210,2018-11-12,26
210,2018-11-13,31
210,2018-11-21,30
210,2018-11-22,43
210,2018-11-24,40
210,2018-11-25,47
210,2018-11-29,35
210,2018-12-06,11
210,2018-12-08,28
210,2018-12-14,87
210,2018-12-23,51
211,2018-09-16,15
211,2018-09-19,52
211,2018-09-25,43
211,2018-09-28,14
211,2018-10-02,37
211,2018-10-03,22
211,2018-10-04,5
211,2018-10-05,116
211,2018-10-19,18
211,2018-10-27,17
211,2018-11-01,73
211,2018-11-02,56
211,2018-11-06,16
211,2018-11-10,42
211,2018-11-12,36
211,2018-11-16,14
211,2018-11-23,22
211,2018-12-06,6
211,2018-12-15,19
212,2018-09-17,1
212,2018-09-19,46
212,2018-09-27,24
213,2018-09-16,21
213,2018-09-19,17
214,2018-09-18,169
214,2018-09-19,97
214,2018-09-20,75
214,2018-09-21,107
214,2018-09-22,46
214,2018-09-23,70
214,2018-09-24,130
214,2018-09-25,103
214,2018-09-30,27
214,2018-10-01,27
214,2018-10-14,86
214,2018-10-15,45
214,2018-10-17,12
214,2018-10-19,64
214,2018-10-21,54
214,2018-10-23,13
214,2018-10-26,74
214,2018-10-29,59
214,2018-10-30,55
214,2018-11-05,64
214,2018-11-08,7
214,2018-11-10,12
214,2018-11-11,6
214,2018-11-13,26
214,2018-11-14,26
214,2018-11-15,29
214,2018-11-22,98
214,2018-11-23,87
214,2018-11-25,40
214,2018-11-29,123
214,2018-11-30,43
214,2018-12-01,14
214,2018-12-02,52
214,2018-12-05,92
214,2018-12-09,18
214,2018-12-17,13
214,2018-12-19,5
214,2018-12-21,11
215,2018-09-18,20
215,2018-09-24,7
215,2018-10-05,44
215,2018-10-14,62
215,2018-10-18,23
215,2018-11-07,10
216,2018-09-16,20
216,2018-09-20,14
216,2018-10-21,53
216,2018-10-25,45
217,2018-09-16,6
217,2018-09-24,22
217,2018-09-25,17
217,2018-09-27,23
218,2018-09-17,6
218,2018-09-19,21
219,2018-09-18,51
219,2018-09-19,20
220,2018-09-15,23
220,2018-09-25,11
221,2018-09-17,13
221,2018-09-20,19
221,2018-09-28,27
221,2018-10-05,40
221,2018-10-18,23
221,2018-10-31,26
221,2018-11-03,34
221,2018-11-10,27
221,2018-11-12,10
221,2018-11-25,29
221,2018-11-27,36
221,2018-12-09,33
222,2018-09-18,45
222,2018-09-27,28
222,2018-10-04,29
222,2018-10-12,9
222,2018-10-17,29
222,2018-10-21,34
223,2018-09-15,17
223,2018-09-29,16
223,2018-10-20,23
224,2018-09-17,58
224,2018-09-21,41
224,2018-10-05,60
225,2018-09-15,22
225,2018-09-24,44
225,2018-10-02,1
225,2018-10-07,7
225,2018-10-21,25
226,2018-09-18,7
226,2018-09-20,51
227,2018-09-15,15
228,2018-09-15,20
228,2018-09-17,24
228,2018-09-23,7
228,2018-09-24,19
228,2018-09-25,2
228,2018-10-04,18
228,2018-10-08,13
228,2018-10-10,38
229,2018-09-15,26
229,2018-10-03,16
229,2018-10-08,4
229,2018-10-11,29
229,2018-10-12,30
229,2018-10-17,25
229,2018-10-26,22
230,2018-09-15,27
231,2018-09-16,1
232,2018-09-16,21
232,2018-10-01,38
232,2018-10-04,20
232,2018-10-12,30
233,2018-09-16,56
233,2018-09-17,33
233,2018-09-18,93
233,2018-09-19,6
233,2018-09-20,128
233,2018-09-26,35
233,2018-10-02,122
234,2018-09-16,32
234,2018-09-17,15
234,2018-09-19,9
235,2018-09-17,9
235,2018-10-02,15
236,2018-09-15,52
236,2018-09-19,12
236,2018-09-24,46
236,2018-09-25,14
236,2018-09-26,14
236,2018-09-27,42
236,2018-09-28,16
236,2018-09-29,28
236,2018-10-02,161
236,2018-10-15,4
236,2018-10-16,9
236,2018-10-21,44
236,2018-10-23,41
236,2018-10-24,21
236,2018-10-25,50
236,2018-10-27,17
236,2018-11-07,58
236,2018-11-09,16
236,2018-11-10,52
236,2018-12-02,2
236,2018-12-06,7
236,2018-12-18,14
236,2018-12-19,41
237,2018-09-17,5
237,2018-09-20,6
237,2018-09-25,37
238,2018-09-16,48
238,2018-09-25,28
238,2018-09-27,61
238,2018-10-01,26
238,2018-10-04,15
238,2018-10-13,25
238,2018-10-17,24
239,2018-09-15,19
239,2018-09-22,54
239,2018-10-01,17
240,2018-09-15,57
241,2018-09-18,16
241,2018-09-19,2
241,2018-09-20,28
241,2018-09-23,11
241,2018-09-28,10
241,2018-10-03,28
241,2018-10-05,28
241,2018-10-11,38
241,2018-10-12,27
241,2018-10-15,29
241,2018-10-27,55
241,2018-10-30,41
241,2018-11-09,33
241,2018-11-11,24
242,2018-09-17,17
242,2018-10-06,17
243,2018-09-16,24
243,2018-10-12,26
243,2018-10-19,25
243,2018-10-24,24
243,2018-11-04,19
243,2018-11-21,16
243,2018-11-23,13
244,2018-09-15,34
244,2018-09-19,25
244,2018-09-20,7
245,2018-09-18,41
245,2018-10-04,29
245,2018-10-26,29
245,2018-10-28,9
246,2018-09-17,51
246,2018-10-03,62
246,2018-10-06,114
246,2018-10-11,25
246,2018-10-12,95
246,2018-10-19,26
246,2018-10-20,213
246,2018-10-21,55
246,2018-10-22,35
246,2018-10-24,58
246,2018-10-28,51
246,2018-10-29,36
246,2018-11-01,54
246,2018-11-02,136
246,2018-11-03,26
246,2018-11-04,35
246,2018-11-06,63
246,2018-11-07,77
246,2018-11-13,43
246,2018-11-17,4
246,2018-11-24,13
246,2018-12-02,51
246,2018-12-08,47
246,2018-12-09,9
246,2018-12-10,9
246,2018-12-11,31
246,2018-12-12,25
246,2018-12-13,122
246,2018-12-20,29
246,2018-12-22,50
247,2018-09-16,23
247,2018-09-21,21
248,2018-09-16,27
248,2018-09-19,35
248,2018-09-26,53
248,2018-10-01,33
248,2018-10-05,31
248,2018-10-10,35
248,2018-10-15,15
249,2018-09-18,26
249,2018-09-20,49
249,2018-09-23,12
249,2018-09-30,24
250,2018-09-18,17
250,2018-09-26,6
250,2018-09-30,73
251,2018-09-16,61
252,2018-09-17,33
252,2018-10-12,30
252,2018-10-20,24
252,2018-10-22,3
252,2018-10-24,27
252,2018-10-28,52
252,2018-11-04,7
253,2018-09-17,25
253,2018-09-21,27
253,2018-09-22,38
253,2018-09-24,15
253,2018-10-11,30
253,2018-11-08,30
254,2018-09-18,14
254,2018-10-07,15
254,2018-10-13,23
255,2018-09-15,133
255,2018-09-16,61
255,2018-09-17,40
255,2018-09-22,7
255,2018-09-23,7
255,2018-09-25,51
255,2018-09-30,17
255,2018-10-18,11
255,2018-10-29,70
255,2018-10-31,92
255,2018-11-01,18
255,2018-11-05,38
255,2018-11-06,78
255,2018-11-07,26
255,2018-11-14,76
255,2018-11-27,63
255,2018-12-03,14
255,2018-12-04,26
255,2018-12-07,26
255,2018-12-08,41
255,2018-12-09,3
255,2018-12-13,60
255,2018-12-14,38
255,2018-12-15,35
255,2018-12-16,14
255,2018-12-20,29
255,2018-12-21,18
256,2018-09-17,28
256,2018-09-19,34
256,2018-10-02,21
256,2018-10-06,2
256,2018-10-13,4
256,2018-10-16,33
257,2018-09-16,23
257,2018-10-03,31
257,2018-10-05,24
257,2018-10-10,16
257,2018-10-17,9
257,2018-10-26,26
257,2018-10-31,32
257,2018-11-16,29
257,2018-12-21,23
258,2018-09-18,35
258,2018-09-22,32
258,2018-10-13,29
258,2018-10-22,68
258,2018-10-26,37
258,2018-10-29,42
258,2018-11-03,46
258,2018-11-04,18
258,2018-11-05,20
258,2018-11-25,60
258,2018-12-05,64
258,2018-12-18,7
258,2018-12-23,146
259,2018-09-17,16
260,2018-09-16,56
260,2018-09-26,30
260,2018-09-27,35
260,2018-10-06,75
260,2018-10-07,60
260,2018-10-19,36
260,2018-10-22,29
260,2018-10-30,12
260,2018-11-01,22
260,2018-11-02,66
260,2018-11-07,35
260,2018-11-22,32
260,2018-11-23,8
260,2018-11-24,36
260,2018-11-25,24
260,2018-11-27,28
260,2018-12-01,43
260,2018-12-02,58
261,2018-09-18,20
261,2018-10-10,31
261,2018-10-19,16
261,2018-10-20,16
261,2018-10-25,1
261,2018-10-28,47
261,2018-11-06,10
262,2018-09-18,42
262,2018-09-25,21
262,2018-09-26,27
262,2018-10-02,36
262,2018-10-05,50
262,2018-10-07,59
262,2018-10-16,14
262,2018-11-10,30
262,2018-11-19,5
262,2018-11-22,52
262,2018-12-05,87
262,2018-12-07,13
263,2018-09-15,10
263,2018-09-20,45
263,2018-09-22,17
263,2018-09-23,16
264,2018-09-15,22
265,2018-09-15,102
265,2018-10-01,14
265,2018-10-07,3
265,2018-10-08,90
265,2018-10-09,21
265,2018-10-11,47
265,2018-10-12,32
265,2018-10-17,33
265,2018-10-18,61
265,2018-10-24,80
265,2018-10-27,53
265,2018-10-28,46
265,2018-11-07,39
265,2018-11-10,91
265,2018-11-11,58
266,2018-09-18,28
266,2018-09-19,21
267,2018-09-17,29
267,2018-09-18,32
267,2018-09-20,24
267,2018-10-24,19
267,2018-11-02,23
268,2018-09-17,15
269,2018-09-15,25
269,2018-09-17,29
270,2018-09-16,10
271,2018-09-17,22
271,2018-09-18,20
271,2018-09-28,37
271,2018-09-30,40
271,2018-10-01,32
271,2018-10-11,169
271,2018-10-16,73
271,2018-10-31,52
271,2018-11-06,23
271,2018-11-08,35
271,2018-11-11,30
271,2018-11-13,125
271,2018-11-17,31
271,2018-11-26,5
271,2018-12-03,64
271,2018-12-09,81
271,2018-12-10,35
271,2018-12-11,67
271,2018-12-15,63
271,2018-12-16,16
271,2018-12-17,19
271,2018-12-19,68
271,2018-12-20,33
272,2018-09-16,23
272,2018-10-12,15
272,2018-10-16,29
272,2018-10-19,61
272,2018-10-20,34
272,2018-10-21,19
272,2018-10-22,15
272,2018-10-23,16
272,2018-10-25,27
272,2018-10-26,15
272,2018-10-31,45
272,2018-11-11,14
273,2018-09-17,55
273,2018-09-22,49
273,2018-09-23,16
273,2018-09-24,34
273,2018-09-25,48
273,2018-10-04,1
273,2018-10-19,59
273,2018-10-21,36
273,2018-10-29,12
273,2018-11-03,43
273,2018-11-04,19
274,2018-09-17,30
274,2018-09-23,24
274,2018-09-24,20
275,2018-09-17,24
275,2018-09-30,33
276,2018-09-18,3
276,2018-10-03,49
276,2018-10-09,61
276,2018-10-15,56
276,2018-10-25,16
276,2018-11-04,90
276,2018-11-08,38
277,2018-09-18,8
277,2018-09-24,40
277,2018-10-15,38
278,2018-09-16,24
278,2018-09-21,16
278,2018-10-11,30
278,2018-10-13,39
278,2018-10-14,45
279,2018-09-17,34
279,2018-09-22,27
279,2018-10-06,33
279,2018-10-19,42
279,2018-12-06,2
279,2018-12-12,21
279,2018-12-21,31
280,2018-09-18,19
281,2018-09-17,47
281,2018-09-20,17
282,2018-09-17,7
282,2018-09-26,26
283,2018-09-17,4
283,2018-09-18,158
283,2018-09-19,28
283,2018-09-26,70
283,2018-09-28,23
283,2018-10-02,18
283,2018-10-03,42
283,2018-10-04,28
283,2018-10-06,57
283,2018-10-08,42
283,2018-10-09,19
283,2018-10-10,87
283,2018-10-22,34
283,2018-10-25,98
283,2018-10-26,38
283,2018-11-01,57
283,2018-11-02,115
283,2018-11-04,64
283,2018-11-05,39
283,2018-11-10,205
284,2018-09-16,26
284,2018-09-17,10
284,2018-09-22,35
284,2018-10-08,19
284,2018-10-27,22
284,2018-10-28,33
284,2018-10-31,17
285,2018-09-15,32
285,2018-09-20,48
285,2018-09-28,26
285,2018-09-30,35
285,2018-10-07,12
285,2018-10-30,19
285,2018-11-02,10
285,2018-11-03,36
285,2018-11-04,20
285,2018-11-08,29
285,2018-11-17,16
286,2018-09-15,10
286,2018-09-20,11
286,2018-09-24,10
287,2018-09-15,23
287,2018-09-25,69
287,2018-09-26,40
287,2018-09-27,170
287,2018-09-29,167
287,2018-10-01,29
287,2018-10-08,44
287,2018-10-09,30
287,2018-10-14,81
287,2018-10-17,35
287,2018-10-18,48
287,2018-10-19,76
287,2018-10-20,36
287,2018-10-29,38
287,2018-10-30,48
287,2018-11-10,79
287,2018-11-12,79
287,2018-11-13,235
287,2018-11-17,18
287,2018-11-20,72
287,2018-11-24,17
287,2018-11-25,22
287,2018-11-27,27
287,2018-11-28,36
287,2018-11-29,40
287,2018-11-30,127
287,2018-12-01,8
287,2018-12-03,28
287,2018-12-22,28
288,2018-09-18,38
289,2018-09-16,28
290,2018-09-17,29
290,2018-09-18,9
290,2018-10-03,21
290,2018-10-09,37
290,2018-10-12,35
291,2018-09-15,30
292,2018-09-17,15
293,2018-09-15,40
293,2018-09-16,4
293,2018-09-17,47
293,2018-09-19,39
294,2018-09-15,54
294,2018-09-16,23
295,2018-09-16,22
295,2018-09-22,20
295,2018-09-26,8
295,2018-09-30,19
295,2018-10-01,31
295,2018-10-03,10
295,2018-10-11,38
295,2018-10-16,16
296,2018-09-15,12
296,2018-09-17,99
296,2018-09-19,141
296,2018-09-21,34
296,2018-09-23,29
296,2018-09-26,51
296,2018-09-27,42
296,2018-09-28,64
296,2018-09-30,64
296,2018-10-01,74
296,2018-10-02,100
296,2018-10-03,25
296,2018-10-10,61
296,2018-10-11,57
296,2018-10-14,40
296,2018-10-15,29
296,2018-10-16,74
296,2018-10-18,60
296,2018-10-22,72
296,2018-10-23,52
296,2018-10-24,102
296,2018-10-25,57
296,2018-10-26,351
296,2018-10-27,39
296,2018-10-28,136
296,2018-10-30,83
296,2018-11-01,23
296,2018-11-05,11
296,2018-11-08,57
296,2018-11-15,11
296,2018-11-19,11
296,2018-11-22,29
296,2018-11-23,6
296,2018-11-28,14
296,2018-11-29,24
296,2018-11-30,14
296,2018-12-01,8
296,2018-12-02,16
296,2018-12-05,4
296,2018-12-09,14
296,2018-12-12,9
296,2018-12-13,5
296,2018-12-18,17
296,2018-12-22,14
297,2018-09-16,11
297,2018-09-18,50
298,2018-09-18,20
298,2018-10-12,25
298,2018-10-24,1
298,2018-11-06,28
298,2018-11-09,35
298,2018-11-10,49
298,2018-11-13,5
298,2018-11-19,34
299,2018-09-16,26
299,2018-09-18,7
300,2018-09-15,33
300,2018-09-27,40
300,2018-10-07,12
300,2018-10-21,18
300,2018-10-25,7
300,2018-10-26,3
300,2018-10-27,27
300,2018-10-28,63
300,2018-10-30,13
300,2018-11-04,21
300,2018-11-05,16
300,2018-11-10,28
300,2018-11-11,24
300,2018-11-12,1
300,2018-12-02,11
300,2018-12-04,38
300,2018-12-13,16
300,2018-12-19,19
300,2018-12-23,14
301,2018-09-16,20
301,2018-09-19,21
301,2018-09-21,36
301,2018-09-22,94
301,2018-09-23,3
301,2018-10-25,81
301,2018-10-26,30
302,2018-09-18,49
302,2018-09-19,28
302,2018-09-22,23
302,2018-09-23,7
302,2018-09-26,11
302,2018-09-29,20
302,2018-10-02,49
302,2018-10-07,24
302,2018-10-08,34
302,2018-10-14,48
302,2018-10-15,43
302,2018-10-20,49
302,2018-10-21,27
302,2018-10-26,17
302,2018-10-30,37
302,2018-11-08,27
302,2018-11-19,20
302,2018-11-21,31
302,2018-11-25,94
302,2018-12-02,31
302,2018-12-08,28
302,2018-12-17,58
302,2018-12-19,31
303,2018-09-15,26
303,2018-09-16,44
303,2018-09-25,15
303,2018-10-04,29
303,2018-10-11,12
304,2018-09-15,14
304,2018-09-28,18
304,2018-10-06,30
305,2018-09-18,34
305,2018-10-16,8
306,2018-09-15,63
306,2018-09-19,34
306,2018-09-21,10
306,2018-10-01,43
307,2018-09-16,41
307,2018-09-19,133
307,2018-10-08,47
307,2018-10-09,33
307,2018-10-11,10
307,2018-10-15,64
307,2018-10-19,31
307,2018-10-20,26
307,2018-10-29,38
307,2018-10-30,36
307,2018-11-01,43
307,2018-11-03,25
307,2018-11-06,55
307,2018-11-09,39
307,2018-11-11,45
307,2018-11-12,80
307,2018-11-13,35
307,2018-11-14,106
307,2018-11-17,7
307,2018-11-18,25
307,2018-11-23,56
307,2018-12-03,66
307,2018-12-04,90
307,2018-12-05,46
307,2018-12-13,61
307,2018-12-15,108
307,2018-12-16,28
307,2018-12-17,43
307,2018-12-20,141
307,2018-12-21,47
307,2018-12-23,24
308,2018-09-16,59
308,2018-09-19,32
308,2018-09-28,37
308,2018-10-17,27
309,2018-09-15,30
309,2018-09-16,52
309,2018-09-19,90
309,2018-10-04,22
309,2018-10-06,55
309,2018-10-20,23
309,2018-10-21,27
309,2018-10-22,23
309,2018-10-31,4
309,2018-11-08,91
309,2018-11-10,15
309,2018-11-18,15
309,2018-11-19,1
309,2018-12-04,18
309,2018-12-05,5
309,2018-12-13,12
309,2018-12-15,32
310,2018-09-18,17
310,2018-09-19,41
310,2018-09-20,37
310,2018-10-03,34
310,2018-10-05,8
310,2018-10-16,26
310,2018-10-18,14
310,2018-10-21,16
311,2018-09-18,24
311,2018-09-21,60
311,2018-09-28,23
311,2018-10-08,31
311,2018-10-11,45
311,2018-10-19,23
311,2018-10-23,4
311,2018-11-07,15
312,2018-09-16,48
312,2018-09-18,22
313,2018-09-16,30
313,2018-09-18,11
313,2018-09-24,20
313,2018-09-28,8
313,2018-10-03,45
313,2018-10-07,22
313,2018-10-12,27
313,2018-10-17,26
313,2018-10-21,16
313,2018-10-24,21
313,2018-10-28,13
313,2018-11-03,27
314,2018-09-18,51
315,2018-09-17,4
315,2018-09-20,18
315,2018-09-22,58
315,2018-09-25,76
315,2018-09-26,23
315,2018-09-27,7
315,2018-09-28,68
315,2018-09-29,104
315,2018-09-30,97
315,2018-10-04,36
315,2018-10-11,33
315,2018-10-12,75
315,2018-10-13,59
315,2018-10-14,46
315,2018-10-16,169
315,2018-10-21,98
315,2018-10-22,7
315,2018-10-23,25
315,2018-10-28,123
315,2018-11-01,32
315,2018-11-04,34
315,2018-11-07,59
315,2018-11-11,145
315,2018-11-12,50
315,2018-11-15,59
315,2018-11-24,78
315,2018-11-26,14
315,2018-11-29,138
315,2018-12-10,160
315,2018-12-17,57
315,2018-12-23,1
316,2018-09-16,18
316,2018-09-19,35
316,2018-10-05,23
316,2018-10-12,83
316,2018-10-17,29
316,2018-10-27,40
316,2018-10-31,18
316,2018-11-04,37
316,2018-11-07,23
316,2018-11-14,52
316,2018-11-20,41
316,2018-11-25,101
316,2018-11-26,77
316,2018-12-06,62
316,2018-12-13,29
316,2018-12-16,12
316,2018-12-20,33
317,2018-09-15,48
317,2018-09-16,26
317,2018-09-20,12
317,2018-09-24,33
317,2018-10-10,24
317,2018-10-13,6
317,2018-10-30,39
317,2018-11-01,22
317,2018-11-18,7
317,2018-11-21,131
317,2018-11-22,21
317,2018-11-24,29
317,2018-11-30,42
317,2018-12-02,19
317,2018-12-09,67
317,2018-12-11,20
318,2018-09-15,81
318,2018-09-19,95
318,2018-09-21,9
318,2018-09-27,50
318,2018-09-30,12
318,2018-10-19,56
318,2018-10-20,30
318,2018-10-21,50
318,2018-10-22,27
318,2018-10-26,18
318,2018-10-29,14
318,2018-11-04,94
318,2018-11-14,20
318,2018-11-15,46
318,2018-11-17,13
318,2018-11-22,19
318,2018-11-25,63
318,2018-12-05,37
318,2018-12-13,28
318,2018-12-14,91
318,2018-12-16,5
319,2018-09-15,7
320,2018-09-15,10
320,2018-09-26,14
320,2018-09-30,44
320,2018-11-12,21
320,2018-11-29,37
321,2018-09-16,26
321,2018-09-17,31
321,2018-09-22,34
321,2018-09-30,32
321,2018-10-01,16
321,2018-10-02,17
321,2018-10-11,15
321,2018-10-26,21
322,2018-09-15,32
322,2018-10-07,4
323,2018-09-16,23
323,2018-09-21,31
323,2018-09-26,4
323,2018-09-28,6
324,2018-09-17,38
324,2018-09-27,41
325,2018-09-17,17
325,2018-09-20,29
325,2018-09-27,13
325,2018-09-29,56
325,2018-10-04,58
326,2018-09-15,9
326,2018-09-17,27
326,2018-09-19,8
326,2018-09-25,15
326,2018-10-05,24
327,2018-09-17,19
327,2018-09-18,57
327,2018-09-22,6
327,2018-09-23,10
327,2018-09-27,111
327,2018-10-02,74
327,2018-10-03,6
327,2018-10-23,30
327,2018-11-04,25
327,2018-11-09,34
327,2018-11-14,5
327,2018-11-18,16
327,2018-11-20,35
327,2018-11-26,44
327,2018-11-27,19
327,2018-12-08,14
327,2018-12-10,46
327,2018-12-14,14
328,2018-09-18,23
328,2018-10-06,4
328,2018-10-18,10
328,2018-10-19,27
328,2018-10-21,27
328,2018-10-29,27
328,2018-11-01,8
328,2018-11-14,12
328,2018-11-18,7
328,2018-11-20,36
328,2018-11-23,2
328,2018-12-06,19
328,2018-12-07,5
329,2018-09-15,48
329,2018-09-16,25
330,2018-09-17,22
331,2018-09-17,9
331,2018-09-23,51
331,2018-09-27,22
331,2018-09-28,23
331,2018-10-01,2
331,2018-10-15,2
331,2018-10-20,29
331,2018-10-30,53
331,2018-11-18,22
331,2018-12-09,21
332,2018-09-18,18
332,2018-09-20,83
332,2018-09-21,27
332,2018-10-01,76
332,2018-10-02,55
332,2018-10-05,62
332,2018-10-10,18
332,2018-10-13,122
332,2018-10-24,5
332,2018-11-01,31
332,2018-11-02,33
332,2018-11-03,35
332,2018-11-04,70
332,2018-11-05,24
332,2018-11-17,20
332,2018-11-22,10
332,2018-12-01,55
332,2018-12-11,57
332,2018-12-14,23
332,2018-12-15,6
332,2018-12-18,19
332,2018-12-19,2
332,2018-12-23,61
333,2018-09-15,20
333,2018-09-21,12
333,2018-09-23,26
333,2018-09-29,38
333,2018-10-03,20
333,2018-10-06,7
334,2018-09-16,14
334,2018-09-18,70
334,2018-09-19,4
334,2018-09-27,75
334,2018-09-29,4
334,2018-10-03,34
334,2018-10-04,39
334,2018-10-05,23
334,2018-10-06,50
334,2018-10-07,7
334,2018-10-11,17
334,2018-10-14,12
334,2018-10-18,12
334,2018-10-20,18
334,2018-10-22,42
334,2018-10-23,23
334,2018-10-24,39
334,2018-11-14,28
334,2018-11-25,70
334,2018-11-27,28
334,2018-11-29,13
334,2018-12-01,11
334,2018-12-10,73
334,2018-12-20,42
334,2018-12-23,15
335,2018-09-15,38
335,2018-09-18,16
336,2018-09-17,22
336,2018-09-30,32
336,2018-10-01,30
336,2018-10-08,8
336,2018-10-09,28
337,2018-09-15,37
337,2018-09-20,6
337,2018-10-03,46
337,2018-10-07,24
337,2018-10-09,31
338,2018-09-16,13
338,2018-09-20,41
338,2018-09-21,10
339,2018-09-16,13
339,2018-09-17,5
339,2018-09-23,30
339,2018-10-15,25
339,2018-10-16,56
340,2018-09-18,41
340,2018-09-26,42
340,2018-09-27,16
340,2018-10-03,41
340,2018-10-12,16
340,2018-10-22,28
340,2018-10-25,79
340,2018-11-13,20
340,2018-11-15,32
340,2018-11-16,31
340,2018-11-17,55
340,2018-11-18,26
340,2018-11-19,42
340,2018-11-26,19
340,2018-12-01,17
340,2018-12-16,54
340,2018-12-22,25
341,2018-09-15,21
341,2018-09-22,36
341,2018-09-24,30
341,2018-09-30,14
341,2018-10-06,2
342,2018-09-18,103
342,2018-09-19,86
342,2018-09-20,166
342,2018-09-29,143
342,2018-09-30,13
342,2018-10-01,25
342,2018-10-06,93
342,2018-10-12,69
342,2018-10-19,73
342,2018-10-20,40
342,2018-10-21,59
342,2018-10-31,121
342,2018-11-03,50
342,2018-11-07,63
342,2018-11-14,24
342,2018-11-16,40
342,2018-11-19,30
342,2018-12-01,47
342,2018-12-06,83
342,2018-12-08,30
342,2018-12-13,49
342,2018-12-20,71
342,2018-12-21,39
343,2018-09-16,17
343,2018-09-20,101
343,2018-09-27,188
343,2018-10-01,24
343,2018-10-03,5
343,2018-10-13,14
343,2018-10-17,78
343,2018-10-18,36
343,2018-10-20,99
343,2018-10-24,2
343,2018-11-13,20
343,2018-11-16,43
343,2018-11-19,11
343,2018-12-01,26
343,2018-12-03,38
343,2018-12-12,31
343,2018-12-13,37
343,2018-12-19,52
344,2018-09-15,28
344,2018-09-19,30
345,2018-09-18,25
345,2018-09-23,60
345,2018-10-01,33
345,2018-10-09,14
346,2018-09-17,5
346,2018-09-24,31
346,2018-09-26,47
346,2018-09-30,73
346,2018-10-01,43
346,2018-10-02,136
346,2018-10-04,16
346,2018-10-05,30
346,2018-10-06,31
346,2018-10-07,59
346,2018-10-08,3
346,2018-10-09,53
346,2018-10-10,65
346,2018-10-11,38
346,2018-10-15,51
346,2018-10-16,25
346,2018-10-17,106
346,2018-10-18,62
346,2018-10-21,86
346,2018-10-22,172
346,2018-10-27,9
346,2018-10-28,71
346,2018-10-31,61
346,2018-11-01,64
346,2018-11-06,38
346,2018-11-08,24
346,2018-11-11,30
346,2018-11-13,13
346,2018-11-18,35
346,2018-11-19,43
346,2018-11-30,6
346,2018-12-01,46
346,2018-12-03,31
346,2018-12-05,52
346,2018-12-08,152
346,2018-12-09,46
346,2018-12-14,24
346,2018-12-15,109
346,2018-12-17,37
346,2018-12-19,105
346,2018-12-21,11
347,2018-09-18,20
347,2018-09-21,34
347,2018-09-22,84
347,2018-09-25,26
347,2018-09-30,22
347,2018-10-03,56
347,2018-10-08,135
347,2018-10-10,33
347,2018-10-23,27
347,2018-10-28,21
347,2018-10-29,69
347,2018-11-01,56
347,2018-11-02,91
347,2018-11-07,114
347,2018-11-14,54
347,2018-11-21,67
347,2018-12-02,20
347,2018-12-04,28
347,2018-12-07,211
347,2018-12-19,17
348,2018-09-16,69
348,2018-09-21,4
348,2018-09-22,45
348,2018-09-23,27
348,2018-10-27,33
348,2018-11-03,10
348,2018-11-07,11
349,2018-09-15,36
349,2018-09-18,11
349,2018-09-19,51
349,2018-10-13,1
349,2018-10-26,29
349,2018-10-30,22
349,2018-11-11,27
349,2018-11-16,35
349,2018-11-23,56
349,2018-12-02,43
349,2018-12-09,4
349,2018-12-13,46
349,2018-12-18,24
350,2018-09-17,35
350,2018-09-20,61
350,2018-09-28,15
350,2018-10-02,24
350,2018-10-03,23
350,2018-10-12,71
350,2018-10-13,1
350,2018-10-17,31
350,2018-10-18,43
350,2018-10-25,1
350,2018-10-27,29
351,2018-09-17,26
351,2018-09-19,19
351,2018-09-20,69
351,2018-09-28,25
351,2018-10-10,26
351,2018-10-24,74
351,2018-10-25,172
352,2018-09-18,13
352,2018-10-15,49
353,2018-09-18,23
353,2018-09-19,38
353,2018-09-20,40
353,2018-09-21,63
353,2018-10-02,3
354,2018-09-16,20
354,2018-09-19,61
354,2018-10-01,25
354,2018-10-08,22
354,2018-10-25,16
354,2018-11-10,34
354,2018-11-12,17
354,2018-11-14,29
354,2018-11-19,31
354,2018-11-24,25
355,2018-09-16,35
356,2018-09-17,25
357,2018-09-16,17
357,2018-09-22,10
357,2018-10-04,39
358,2018-09-18,25
358,2018-10-04,122
358,2018-10-05,2
358,2018-10-07,30
358,2018-10-09,10
358,2018-10-15,18
358,2018-10-30,23
358,2018-11-04,19
358,2018-11-08,75
358,2018-11-09,25
358,2018-11-14,78
358,2018-11-17,74
358,2018-11-19,28
358,2018-11-23,18
358,2018-11-28,72
358,2018-11-29,26
358,2018-11-30,23
358,2018-12-03,27
358,2018-12-05,12
358,2018-12-06,12
358,2018-12-09,36
358,2018-12-19,21
358,2018-12-20,76
358,2018-12-21,6
359,2018-09-15,26
359,2018-09-23,21
359,2018-09-24,28
359,2018-09-25,35
359,2018-09-30,45
359,2018-10-11,10
359,2018-10-17,26
359,2018-11-06,34
359,2018-11-07,46
359,2018-11-09,1
359,2018-11-10,20
359,2018-11-11,25
359,2018-11-16,24
359,2018-12-04,41
360,2018-09-15,1
360,2018-09-27,29
360,2018-10-13,10
360,2018-10-15,9
360,2018-10-25,69
360,2018-10-27,28
360,2018-11-01,63
360,2018-11-03,25
360,2018-11-04,47
360,2018-11-08,46
360,2018-11-14,74
360,2018-12-03,55
360,2018-12-23,11
361,2018-09-16,2
361,2018-09-26,72
361,2018-10-03,60
361,2018-10-04,62
361,2018-10-05,15
361,2018-10-09,16
361,2018-10-10,22
361,2018-10-11,39
361,2018-10-17,60
361,2018-10-18,24
362,2018-09-17,41
362,2018-09-21,13
362,2018-09-23,18
362,2018-09-28,11
362,2018-09-30,22
362,2018-10-07,12
362,2018-10-08,94
362,2018-10-21,36
362,2018-10-30,15
362,2018-11-07,6
363,2018-09-16,53
363,2018-09-17,30
363,2018-09-19,78
363,2018-09-21,65
363,2018-09-22,38
363,2018-09-25,73
363,2018-09-28,37
363,2018-09-30,31
363,2018-10-04,204
363,2018-10-05,48
363,2018-10-06,30
363,2018-10-07,161
363,2018-10-09,47
363,2018-10-14,42
363,2018-10-20,148
363,2018-10-22,106
363,2018-10-28,49
363,2018-10-30,134
363,2018-10-31,118
363,2018-11-02,14
363,2018-11-06,63
363,2018-11-12,32
363,2018-11-23,42
363,2018-11-24,76
363,2018-12-02,16
363,2018-12-06,197
363,2018-12-07,15
363,2018-12-08,27
363,2018-12-09,3
363,2018-12-15,35
363,2018-12-16,7
363,2018-12-17,29
363,2018-12-19,16
363,2018-12-23,11
364,2018-09-16,45
364,2018-09-25,39
364,2018-09-27,30
364,2018-09-30,78
364,2018-10-06,46
364,2018-10-13,15
364,2018-10-23,38
364,2018-11-01,87
364,2018-11-03,27
364,2018-11-10,4
364,2018-11-20,19
364,2018-11-23,41
364,2018-11-25,23
364,2018-11-30,43
364,2018-12-12,74
364,2018-12-22,84
364,2018-12-23,65
365,2018-09-15,15
365,2018-09-16,35
365,2018-09-17,13
365,2018-09-21,29
365,2018-10-03,43
365,2018-10-04,10
365,2018-10-12,41
365,2018-10-13,5
365,2018-10-18,99
365,2018-10-26,17
365,2018-11-02,13
365,2018-11-09,46
365,2018-11-12,23
365,2018-11-13,18
365,2018-11-24,10
365,2018-11-27,13
365,2018-11-29,44
365,2018-12-02,18
365,2018-12-05,103
365,2018-12-09,35
365,2018-12-16,40
365,2018-12-17,5
365,2018-12-22,79
366,2018-09-18,21
366,2018-09-21,29
366,2018-09-24,18
366,2018-10-06,12
367,2018-09-16,28
367,2018-09-21,116
367,2018-11-12,23
367,2018-11-16,64
367,2018-11-22,30
367,2018-11-23,20
367,2018-11-24,27
367,2018-11-27,24
367,2018-11-28,101
367,2018-11-29,47
367,2018-12-10,17
367,2018-12-19,31
367,2018-12-22,68
368,2018-09-16,21
368,2018-09-19,10
368,2018-10-14,24
368,2018-10-16,60
368,2018-10-26,22
369,2018-09-18,34
369,2018-09-23,15
369,2018-09-25,39
369,2018-09-26,95
369,2018-09-30,69
369,2018-10-02,67
369,2018-10-03,48
369,2018-10-16,37
369,2018-10-17,133
369,2018-10-18,104
369,2018-10-19,5
369,2018-10-24,4
369,2018-10-25,86
369,2018-10-28,82
369,2018-10-30,203
369,2018-11-01,77
369,2018-11-02,26
369,2018-11-13,135
369,2018-11-22,96
369,2018-11-27,18
369,2018-11-28,63
369,2018-11-29,24
369,2018-11-30,77
369,2018-12-01,40
369,2018-12-02,115
369,2018-12-07,58
369,2018-12-11,16
369,2018-12-12,99
369,2018-12-16,27
369,2018-12-19,34
370,2018-09-16,15
370,2018-09-17,42
370,2018-09-19,19
370,2018-09-23,74
370,2018-09-28,54
370,2018-09-29,141
370,2018-09-30,91
370,2018-10-03,48
370,2018-10-05,27
370,2018-10-06,24
370,2018-10-07,27
370,2018-10-12,35
370,2018-10-17,52
370,2018-10-18,109
370,2018-10-23,104
370,2018-10-24,49
370,2018-10-25,101
370,2018-11-03,37
370,2018-11-06,83
370,2018-11-07,108
370,2018-11-09,30
370,2018-11-10,63
370,2018-11-11,5
370,2018-11-14,117
370,2018-11-17,61
370,2018-11-27,8
370,2018-12-02,39
370,2018-12-03,6
370,2018-12-04,47
370,2018-12-07,31
370,2018-12-09,78
370,2018-12-10,35
370,2018-12-11,22
370,2018-12-12,23
370,2018-12-15,27
370,2018-12-17,38
370,2018-12-18,30
370,2018-12-21,58
371,2018-09-16,25
371,2018-09-27,3
372,2018-09-15,4
373,2018-09-15,41
373,2018-09-20,14
373,2018-09-22,15
373,2018-09-27,39
373,2018-09-30,28
373,2018-10-06,17
373,2018-10-08,34
373,2018-10-16,78
373,2018-10-17,50
373,2018-10-19,45
373,2018-10-23,46
373,2018-10-28,28
373,2018-10-30,27
373,2018-10-31,14
373,2018-11-07,58
373,2018-11-12,60
373,2018-11-22,38
373,2018-11-27,20
373,2018-11-29,14
373,2018-12-04,38
373,2018-12-05,11
374,2018-09-15,84
375,2018-09-17,54
375,2018-09-19,48
375,2018-09-20,29
375,2018-09-29,49
375,2018-09-30,19
375,2018-10-05,55
375,2018-10-29,69
375,2018-11-02,30
375,2018-11-03,28
375,2018-11-12,33
375,2018-11-14,13
375,2018-11-20,37
375,2018-11-30,53
375,2018-12-01,87
375,2018-12-02,39
375,2018-12-04,103
375,2018-12-05,50
375,2018-12-06,13
375,2018-12-07,27
375,2018-12-09,155
375,2018-12-13,25
375,2018-12-14,24
376,2018-09-16,27
377,2018-09-15,25
377,2018-09-21,19
377,2018-09-25,36
377,2018-09-26,58
377,2018-09-29,145
377,2018-09-30,19
377,2018-10-01,72
377,2018-10-09,15
377,2018-11-15,60
377,2018-11-18,67
377,2018-11-22,34
377,2018-11-24,4
377,2018-12-02,50
377,2018-12-09,100
377,2018-12-16,65
377,2018-12-21,17
378,2018-09-17,51
379,2018-09-18,55
379,2018-09-21,14
379,2018-10-02,18
379,2018-11-01,21
380,2018-09-16,4
380,2018-09-21,107
380,2018-09-26,15
381,2018-09-15,13
381,2018-09-24,1
381,2018-09-27,55
381,2018-09-30,21
381,2018-10-02,28
382,2018-09-18,46
382,2018-09-19,27
382,2018-09-29,31
382,2018-09-30,16
383,2018-09-17,23
383,2018-10-15,24
383,2018-10-22,27
383,2018-10-27,12
383,2018-10-30,4
383,2018-10-31,7
383,2018-11-02,27
384,2018-09-17,8
384,2018-09-26,34
385,2018-09-18,98
385,2018-09-19,21
385,2018-09-22,6
385,2018-10-03,35
385,2018-10-14,21
385,2018-10-17,28
385,2018-10-18,35
385,2018-10-20,29
385,2018-10-22,19
385,2018-11-10,12
385,2018-11-30,46
385,2018-12-02,46
385,2018-12-05,25
385,2018-12-09,17
386,2018-09-15,59
386,2018-09-16,32
386,2018-09-17,44
386,2018-09-18,24
386,2018-09-22,33
386,2018-11-07,17
387,2018-09-15,14
387,2018-09-19,22
387,2018-09-30,29
388,2018-09-16,81
388,2018-09-20,44
388,2018-10-13,38
388,2018-10-15,118
388,2018-10-17,19
388,2018-10-18,28
388,2018-10-20,61
388,2018-10-27,16
388,2018-11-11,20
388,2018-11-12,34
388,2018-11-15,22
388,2018-11-16,17
388,2018-11-28,40
388,2018-11-30,25
388,2018-12-15,13
388,2018-12-18,12
388,2018-12-19,43
389,2018-09-16,75
389,2018-10-01,11
389,2018-11-07,59
389,2018-11-20,25
389,2018-12-01,16
389,2018-12-02,16
390,2018-09-17,54
390,2018-09-23,10
390,2018-09-24,20
390,2018-09-30,15
390,2018-10-03,90
390,2018-10-07,5
390,2018-10-11,29
390,2018-10-12,99
390,2018-10-21,9
391,2018-09-16,27
391,2018-09-18,14
391,2018-09-25,14
391,2018-10-08,53
391,2018-10-13,36
391,2018-10-25,8
391,2018-10-31,54
391,2018-11-01,21
391,2018-11-03,23
391,2018-11-04,30
392,2018-09-17,13
392,2018-09-18,45
392,2018-09-19,55
392,2018-09-22,4
392,2018-09-29,17
392,2018-10-06,19
393,2018-09-17,30
393,2018-09-18,30
393,2018-09-19,52
393,2018-09-23,27
393,2018-09-24,14
393,2018-09-27,37
393,2018-09-30,25
393,2018-10-03,31
393,2018-10-04,4
393,2018-10-05,32
393,2018-10-10,67
393,2018-10-12,7
393,2018-10-13,19
393,2018-10-14,61
393,2018-10-15,74
393,2018-10-16,96
393,2018-10-17,81
393,2018-10-19,174
393,2018-10-21,51
393,2018-10-23,162
393,2018-10-30,44
393,2018-11-01,2
393,2018-11-02,12
393,2018-11-03,26
393,2018-11-04,24
393,2018-11-06,232
393,2018-11-07,37
393,2018-11-09,27
393,2018-11-10,75
393,2018-11-12,45
393,2018-11-16,16
393,2018-11-17,36
393,2018-11-18,141
393,2018-11-19,28
393,2018-11-21,119
393,2018-11-23,27
393,2018-11-28,18
393,2018-11-29,11
393,2018-11-30,14
393,2018-12-01,17
393,2018-12-02,17
393,2018-12-05,23
393,2018-12-06,20
393,2018-12-07,3
393,2018-12-08,22
393,2018-12-09,29
393,2018-12-13,15
393,2018-12-15,9
393,2018-12-21,17
393,2018-12-22,18
394,2018-09-16,183
394,2018-09-17,44
394,2018-09-18,44
394,2018-09-19,48
394,2018-09-20,17
394,2018-09-21,126
394,2018-09-25,67
394,2018-09-26,31
394,2018-10-04,44
394,2018-10-09,60
394,2018-10-10,24
394,2018-10-11,70
394,2018-10-12,39
394,2018-10-13,152
394,2018-10-14,14
394,2018-10-19,253
394,2018-10-20,113
394,2018-10-25,23
394,2018-10-27,161
394,2018-10-28,39
394,2018-10-29,197
394,2018-10-30,56
394,2018-10-31,112
394,2018-11-01,29
394,2018-11-02,22
394,2018-11-04,38
394,2018-11-05,22
394,2018-11-06,37
394,2018-11-09,17
394,2018-11-13,37
394,2018-11-14,19
394,2018-11-15,17
394,2018-11-16,7
394,2018-11-17,29
394,2018-11-18,25
394,2018-11-19,24
394,2018-11-20,15
394,2018-11-21,2
394,2018-11-22,18
394,2018-12-01,27
394,2018-12-03,27
394,2018-12-18,13
394,2018-12-21,18
394,2018-12-23,7
395,2018-09-15,26
396,2018-09-16,20
396,2018-09-21,8
397,2018-09-15,18
397,2018-10-06,25
397,2018-10-19,46
397,2018-10-21,15
397,2018-10-25,4
397,2018-11-03,3
397,2018-11-09,7
397,2018-11-14,26
398,2018-09-17,18
398,2018-09-18,43
398,2018-09-19,50
398,2018-09-21,48
398,2018-09-22,43
398,2018-09-26,87
398,2018-09-27,15
398,2018-10-01,38
398,2018-10-02,32
398,2018-10-29,140
398,2018-10-30,55
398,2018-11-06,56
398,2018-11-07,23
398,2018-11-14,63
398,2018-11-18,114
398,2018-11-21,34
398,2018-11-26,17
398,2018-12-03,46
398,2018-12-04,33
398,2018-12-07,28
398,2018-12-13,31
399,2018-09-15,31
399,2018-09-16,23
399,2018-09-17,27
400,2018-09-18,19
400,2018-09-21,26
401,2018-09-18,26
401,2018-09-27,53
401,2018-10-02,23
401,2018-10-08,47
401,2018-10-12,40
402,2018-09-17,54
402,2018-09-24,36
402,2018-10-06,13
403,2018-09-16,33
403,2018-09-23,22
403,2018-10-14,25
404,2018-09-16,25
405,2018-09-15,29
405,2018-09-21,22
406,2018-09-16,1
406,2018-09-28,20
406,2018-10-16,27
406,2018-10-17,46
406,2018-10-25,2
406,2018-10-26,15
407,2018-09-15,42
407,2018-09-22,6
407,2018-09-27,57
407,2018-10-07,34
407,2018-10-13,85
407,2018-10-31,14
407,2018-11-02,72
407,2018-11-16,32
407,2018-11-21,37
407,2018-11-24,20
407,2018-11-25,26
407,2018-12-11,18
407,2018-12-12,20
408,2018-09-15,39
408,2018-09-16,28
408,2018-10-03,75
408,2018-10-07,104
408,2018-10-12,29
408,2018-10-16,71
408,2018-10-17,29
408,2018-10-18,61
408,2018-10-19,50
408,2018-11-05,78
408,2018-11-06,29
408,2018-11-07,179
408,2018-11-08,60
408,2018-11-09,82
408,2018-11-10,12
408,2018-11-11,82
408,2018-11-12,51
408,2018-11-13,42
408,2018-11-14,123
408,2018-11-19,58
408,2018-11-26,87
408,2018-11-28,47
408,2018-11-30,83
408,2018-12-03,56
408,2018-12-05,69
408,2018-12-11,46
408,2018-12-14,13
408,2018-12-15,141
408,2018-12-17,8
408,2018-12-21,1
409,2018-09-16,20
409,2018-09-19,41
409,2018-09-20,36
409,2018-10-03,37
409,2018-10-06,88
409,2018-10-16,85
409,2018-11-06,54
409,2018-11-07,123
409,2018-11-09,38
409,2018-11-22,31
410,2018-09-17,20
410,2018-09-18,30
410,2018-10-02,17
410,2018-10-08,48
410,2018-10-20,35
410,2018-10-30,18
410,2018-10-31,29
410,2018-11-01,38
411,2018-09-17,27
412,2018-09-16,29
412,2018-09-22,27
413,2018-09-16,26
414,2018-09-17,52
415,2018-09-15,15
415,2018-09-17,42
415,2018-09-18,22
415,2018-10-05,29
415,2018-10-18,20
415,2018-10-29,29
415,2018-11-02,64
416,2018-09-17,31
416,2018-09-20,8
416,2018-10-01,29
417,2018-09-17,3
417,2018-09-27,17
417,2018-10-07,20
417,2018-10-10,18
417,2018-10-13,34
417,2018-10-19,14
417,2018-10-21,13
417,2018-11-01,35
417,2018-11-06,36
417,2018-11-07,34
417,2018-11-16,32
418,2018-09-15,16
418,2018-09-23,26
419,2018-09-17,14
419,2018-10-02,43
419,2018-10-06,12
419,2018-10-08,42
419,2018-10-14,79
419,2018-10-16,88
419,2018-10-24,35
419,2018-10-27,75
419,2018-10-29,36
419,2018-11-02,63
419,2018-11-11,27
419,2018-11-14,24
419,2018-11-24,81
419,2018-12-12,27
419,2018-12-15,27
420,2018-09-15,55
420,2018-09-28,112
420,2018-10-01,7
420,2018-10-09,24
420,2018-10-12,115
420,2018-10-21,14
420,2018-10-22,164
420,2018-10-27,44
420,2018-10-30,20
420,2018-11-12,41
420,2018-11-18,35
420,2018-11-19,19
420,2018-11-20,43
420,2018-11-27,18
420,2018-11-28,76
420,2018-12-01,160
420,2018-12-02,10
421,2018-09-15,26
422,2018-09-16,45
422,2018-09-18,33
422,2018-09-25,26
422,2018-10-02,48
422,2018-10-03,14
422,2018-10-04,17
422,2018-10-08,61
422,2018-10-14,2
422,2018-10-15,29
422,2018-10-25,16
422,2018-10-29,22
422,2018-11-12,29
422,2018-11-14,31
422,2018-11-15,35
422,2018-11-17,8
422,2018-12-06,86
422,2018-12-12,58
423,2018-09-18,169
423,2018-09-21,37
423,2018-09-28,6
423,2018-10-02,49
423,2018-10-04,112
423,2018-10-07,70
423,2018-10-09,16
423,2018-10-10,42
423,2018-10-14,47
423,2018-10-15,76
423,2018-10-19,36
423,2018-10-27,4
423,2018-10-30,64
423,2018-10-31,129
423,2018-11-07,60
423,2018-11-23,131
423,2018-11-26,46
423,2018-11-30,34
423,2018-12-01,26
423,2018-12-05,12
423,2018-12-07,208
423,2018-12-09,46
423,2018-12-10,66
423,2018-12-20,302
423,2018-12-21,52
423,2018-12-22,26
423,2018-12-23,2
424,2018-09-17,28
425,2018-09-17,17
425,2018-09-23,65
425,2018-09-24,39
425,2018-09-29,50
425,2018-10-01,27
425,2018-10-17,81
425,2018-10-22,61
425,2018-11-01,66
425,2018-11-08,18
425,2018-11-12,28
425,2018-11-16,41
425,2018-11-17,42
425,2018-11-22,87
425,2018-11-29,11
425,2018-12-02,46
425,2018-12-08,42
425,2018-12-11,38
425,2018-12-14,8
425,2018-12-22,18
426,2018-09-16,17
426,2018-09-23,17
426,2018-09-24,36
426,2018-09-25,22
427,2018-09-18,30
427,2018-09-25,23
427,2018-10-03,40
427,2018-10-04,6
427,2018-10-07,17
428,2018-09-16,29
428,2018-09-22,56
428,2018-09-28,7
429,2018-09-18,3
429,2018-09-24,28
429,2018-09-25,100
429,2018-09-29,28
429,2018-10-12,44
430,2018-09-16,13
430,2018-09-22,27
430,2018-10-11,51
431,2018-09-15,73
431,2018-09-16,7
431,2018-09-17,71
431,2018-09-20,149
431,2018-09-21,34
431,2018-09-22,103
431,2018-09-24,31
431,2018-09-26,17
431,2018-09-27,27
431,2018-09-28,161
431,2018-10-04,25
431,2018-10-09,115
431,2018-10-14,102
431,2018-10-17,147
431,2018-10-18,29
431,2018-10-22,32
431,2018-10-23,29
431,2018-10-24,24
431,2018-10-27,154
431,2018-11-01,54
431,2018-11-02,88
431,2018-11-04,42
431,2018-11-05,89
431,2018-11-10,4
431,2018-11-13,44
431,2018-11-14,92
431,2018-11-15,50
431,2018-11-20,20
431,2018-11-22,83
431,2018-11-25,11
431,2018-11-26,26
431,2018-11-27,12
431,2018-11-30,28
431,2018-12-01,6
431,2018-12-02,23
431,2018-12-03,7
431,2018-12-05,16
431,2018-12-09,19
431,2018-12-13,3
431,2018-12-17,20
431,2018-12-18,17
431,2018-12-22,23
431,2018-12-23,1
432,2018-09-18,3
432,2018-09-19,51
433,2018-09-17,21
434,2018-09-16,23
435,2018-09-15,30
435,2018-10-15,65
435,2018-10-22,33
435,2018-11-01,24
435,2018-11-04,31
435,2018-11-05,30
435,2018-11-15,26
436,2018-09-15,156
436,2018-09-29,49
436,2018-10-01,4
436,2018-10-08,15
436,2018-10-09,19
436,2018-10-12,94
436,2018-10-18,144
436,2018-10-25,3
436,2018-11-07,33
436,2018-11-09,11
436,2018-11-21,26
436,2018-11-22,198
436,2018-11-26,42
436,2018-11-28,77
436,2018-12-01,51
436,2018-12-02,13
436,2018-12-03,65
436,2018-12-12,30
436,2018-12-14,51
436,2018-12-17,8
436,2018-12-19,114
436,2018-12-22,44
437,2018-09-18,21
437,2018-10-01,52
437,2018-10-08,30
437,2018-10-13,40
437,2018-10-15,55
437,2018-10-18,20
437,2018-10-21,108
437,2018-10-24,58
437,2018-10-28,79
437,2018-10-29,23
437,2018-11-05,90
437,2018-11-13,10
437,2018-11-16,14
437,2018-11-17,17
437,2018-11-20,39
437,2018-11-28,9
437,2018-12-01,21
437,2018-12-10,16
437,2018-12-14,68
437,2018-12-16,14
438,2018-09-15,56
438,2018-10-04,30
438,2018-10-05,33
438,2018-10-11,89
438,2018-10-19,28
438,2018-10-23,30
438,2018-11-12,16
438,2018-11-13,15
438,2018-11-14,23
438,2018-11-17,34
439,2018-09-16,13
439,2018-09-19,19
439,2018-10-02,21
439,2018-10-03,13
439,2018-10-04,45
440,2018-09-18,69
440,2018-09-28,54
440,2018-10-04,26
440,2018-10-09,25
440,2018-10-21,63
440,2018-10-29,18
440,2018-11-20,27
440,2018-11-23,48
440,2018-11-24,44
440,2018-11-30,16
440,2018-12-01,26
440,2018-12-05,33
440,2018-12-13,79
440,2018-12-14,31
440,2018-12-15,12
440,2018-12-17,17
440,2018-12-19,24
440,2018-12-20,14
441,2018-09-17,42
442,2018-09-16,15
443,2018-09-18,56
443,2018-09-23,4
443,2018-10-01,28
443,2018-10-19,38
443,2018-11-04,66
443,2018-11-05,9
443,2018-11-16,132
443,2018-11-19,17
443,2018-11-26,88
443,2018-11-29,85
443,2018-12-10,33
443,2018-12-19,49
443,2018-12-20,95
443,2018-12-21,45
444,2018-09-15,7
444,2018-09-18,5
445,2018-09-16,56
445,2018-09-17,15
445,2018-09-19,11
445,2018-09-23,23
445,2018-09-26,35
445,2018-09-28,1
445,2018-10-04,6
445,2018-10-05,16
445,2018-10-08,81
445,2018-10-09,23
445,2018-10-12,3
446,2018-09-15,41
447,2018-09-17,36
447,2018-09-19,45
447,2018-09-28,168
447,2018-10-02,37
447,2018-10-06,12
447,2018-10-07,2
447,2018-10-14,21
447,2018-10-18,17
447,2018-10-27,101
447,2018-11-02,87
447,2018-11-08,93
447,2018-11-09,45
447,2018-11-10,48
447,2018-11-12,12
447,2018-11-15,82
447,2018-11-19,18
447,2018-11-21,52
447,2018-11-28,44
447,2018-12-03,66
447,2018-12-06,10
447,2018-12-10,41
447,2018-12-11,32
447,2018-12-14,2
447,2018-12-16,99
448,2018-09-16,17
449,2018-09-15,33
449,2018-09-26,53
449,2018-09-28,42
449,2018-09-29,99
449,2018-10-01,41
449,2018-10-05,53
449,2018-10-07,17
449,2018-10-08,17
449,2018-10-12,90
449,2018-10-13,17
449,2018-10-14,38
449,2018-10-15,203
449,2018-10-16,27
449,2018-10-17,19
449,2018-10-24,11
449,2018-10-30,87
449,2018-10-31,52
449,2018-11-03,18
449,2018-11-11,77
449,2018-11-12,184
449,2018-11-13,39
449,2018-11-14,27
449,2018-11-16,70
449,2018-11-20,40
449,2018-11-21,102
449,2018-11-22,50
449,2018-11-24,22
449,2018-11-29,30
449,2018-11-30,18
449,2018-12-12,22
449,2018-12-13,23
449,2018-12-18,88
450,2018-09-16,22
450,2018-09-19,56
450,2018-09-21,32
450,2018-09-22,19
450,2018-09-25,62
450,2018-09-27,27
450,2018-09-28,9
450,2018-09-30,12
450,2018-10-01,143
450,2018-10-02,62
450,2018-10-04,73
450,2018-10-05,33
450,2018-10-06,42
450,2018-10-08,77
450,2018-10-09,90
450,2018-10-10,21
450,2018-10-11,49
450,2018-10-17,113
450,2018-11-01,22
450,2018-11-03,9
450,2018-11-09,13
450,2018-11-11,34
450,2018-11-12,45
450,2018-11-13,30
450,2018-11-14,43
450,2018-11-16,39
450,2018-11-21,44
450,2018-11-23,10
450,2018-11-25,35
450,2018-11-27,12
450,2018-11-29,2
450,2018-11-30,42
450,2018-12-01,26
450,2018-12-02,121
450,2018-12-03,51
450,2018-12-04,79
450,2018-12-05,27
450,2018-12-07,110
450,2018-12-10,63
450,2018-12-11,28
450,2018-12-12,41
450,2018-12-13,126
450,2018-12-14,65
450,2018-12-22,16
451,2018-09-16,29
451,2018-09-19,50
451,2018-09-23,23
451,2018-09-24,39
451,2018-09-30,19
451,2018-10-03,1
451,2018-10-13,13
451,2018-10-17,15
451,2018-10-18,60
451,2018-10-23,10
451,2018-11-02,38
451,2018-11-03,10
451,2018-11-05,9
451,2018-11-16,34
452,2018-09-18,17
452,2018-09-28,26
452,2018-10-07,43
452,2018-10-10,26
452,2018-10-11,7
452,2018-10-12,2
452,2018-10-19,14
452,2018-10-21,31
452,2018-10-25,14
452,2018-11-19,19
452,2018-11-25,19
452,2018-12-01,13
452,2018-12-06,3
452,2018-12-07,17
453,2018-09-18,18
453,2018-09-22,29
453,2018-09-27,30
453,2018-09-30,15
453,2018-10-03,11
453,2018-10-04,10
453,2018-10-05,9
453,2018-10-06,27
453,2018-10-07,25
453,2018-10-08,9
453,2018-10-11,25
453,2018-10-18,24
453,2018-10-19,33
453,2018-11-01,45
453,2018-11-19,21
454,2018-09-17,34
454,2018-09-21,18
454,2018-09-30,22
455,2018-09-16,22
455,2018-09-24,29
455,2018-10-14,21
455,2018-10-16,15
455,2018-10-25,26
455,2018-11-12,50
455,2018-11-18,26
455,2018-11-20,23
455,2018-12-11,42
455,2018-12-16,11
455,2018-12-19,7
456,2018-09-18,12
456,2018-09-23,9
456,2018-10-02,31
457,2018-09-17,65
457,2018-09-21,33
457,2018-09-23,31
457,2018-09-25,181
457,2018-09-30,56
457,2018-10-01,14
457,2018-10-04,67
457,2018-10-08,44
457,2018-10-09,66
458,2018-09-15,41
458,2018-09-21,57
458,2018-09-25,75
458,2018-10-01,26
458,2018-10-05,46
458,2018-10-08,29
458,2018-10-11,27
458,2018-10-16,42
458,2018-10-30,61
458,2018-11-06,30
458,2018-11-08,34
458,2018-11-16,20
458,2018-11-17,30
458,2018-11-25,24
458,2018-11-29,32
458,2018-12-03,85
458,2018-12-12,34
458,2018-12-15,33
459,2018-09-16,29
460,2018-09-17,18
460,2018-09-27,98
460,2018-10-02,148
460,2018-10-04,59
460,2018-10-09,53
460,2018-10-13,48
460,2018-10-17,112
460,2018-10-18,52
460,2018-10-22,26
460,2018-10-26,33
460,2018-10-27,91
460,2018-11-06,56
460,2018-11-07,26
460,2018-11-11,17
460,2018-11-17,77
460,2018-11-18,20
460,2018-11-23,224
460,2018-11-24,21
460,2018-11-29,20
460,2018-12-03,13
460,2018-12-10,28
460,2018-12-13,114
460,2018-12-22,42
460,2018-12-23,109
461,2018-09-18,47
461,2018-09-19,76
461,2018-09-24,43
461,2018-09-26,5
461,2018-09-30,110
461,2018-10-03,51
461,2018-10-04,34
461,2018-10-05,38
461,2018-10-09,53
461,2018-10-11,90
461,2018-10-18,33
461,2018-10-19,20
461,2018-10-20,25
461,2018-10-21,121
461,2018-10-22,178
461,2018-10-23,50
461,2018-10-26,51
461,2018-10-28,176
461,2018-11-03,15
461,2018-11-06,40
461,2018-11-11,44
461,2018-11-13,38
461,2018-11-14,17
461,2018-11-15,26
461,2018-11-19,22
461,2018-11-20,8
461,2018-11-22,37
461,2018-11-23,19
461,2018-11-24,34
461,2018-11-26,83
461,2018-12-02,24
461,2018-12-05,76
461,2018-12-06,26
461,2018-12-07,30
461,2018-12-15,35
461,2018-12-18,35
461,2018-12-20,38
461,2018-12-21,17
462,2018-09-18,26
462,2018-09-19,38
462,2018-09-22,43
462,2018-09-28,16
462,2018-10-03,33
462,2018-10-07,25
463,2018-09-16,61
463,2018-09-18,27
463,2018-09-24,40
463,2018-10-01,14
463,2018-10-03,26
463,2018-10-04,40
463,2018-10-06,2
464,2018-09-18,49
464,2018-09-20,53
464,2018-09-25,14
464,2018-10-08,9
464,2018-10-23,38
464,2018-10-25,38
464,2018-10-28,70
465,2018-09-18,42
466,2018-09-16,15
466,2018-09-22,20
466,2018-10-06,20
467,2018-09-17,51
467,2018-10-08,155
467,2018-10-10,18
467,2018-10-16,18
467,2018-10-17,29
467,2018-10-28,25
467,2018-11-11,11
467,2018-11-12,26
467,2018-11-21,23
467,2018-11-28,40
467,2018-12-15,23
467,2018-12-23,64
468,2018-09-16,16
468,2018-09-20,4
468,2018-09-21,33
468,2018-09-27,59
468,2018-09-29,10
468,2018-10-02,57
468,2018-10-03,17
468,2018-10-04,24
468,2018-10-05,21
468,2018-10-12,7
468,2018-10-16,63
468,2018-10-17,40
468,2018-10-18,3
469,2018-09-16,6
469,2018-09-21,28
469,2018-10-02,25
469,2018-10-03,30
469,2018-10-08,21
469,2018-10-11,22
470,2018-09-16,50
470,2018-09-23,11
470,2018-09-24,27
470,2018-10-02,26
470,2018-10-14,28
470,2018-10-15,14
470,2018-10-25,12
470,2018-11-26,27
471,2018-09-15,77
471,2018-09-26,7
472,2018-09-15,48
472,2018-09-26,54
472,2018-10-17,34
472,2018-10-24,12
472,2018-10-27,32
472,2018-10-28,30
472,2018-11-18,9
472,2018-11-23,10
472,2018-11-28,17
472,2018-12-15,10
473,2018-09-17,43
473,2018-09-18,6
473,2018-09-19,104
473,2018-09-20,61
473,2018-09-22,46
473,2018-09-25,29
473,2018-09-26,30
473,2018-09-30,67
473,2018-10-01,28
473,2018-10-04,19
473,2018-10-07,34
473,2018-10-10,6
473,2018-10-12,121
473,2018-10-13,25
473,2018-10-23,37
473,2018-11-02,75
473,2018-11-05,14
473,2018-11-09,31
473,2018-11-10,7
473,2018-11-11,14
474,2018-09-15,30
474,2018-09-16,61
474,2018-09-17,19
475,2018-09-15,11
475,2018-09-18,31
475,2018-10-10,52
476,2018-09-16,25
476,2018-09-18,35
477,2018-09-15,28
477,2018-09-16,34
477,2018-09-18,23
477,2018-09-19,33
477,2018-09-20,21
478,2018-09-18,103
478,2018-09-23,16
478,2018-09-24,22
478,2018-09-26,39
478,2018-10-11,89
478,2018-10-12,25
478,2018-10-13,34
478,2018-10-19,43
478,2018-10-22,48
478,2018-10-31,24
478,2018-11-04,38
478,2018-11-08,51
478,2018-11-15,59
479,2018-09-16,28
479,2018-09-25,54
479,2018-09-27,63
480,2018-09-16,4
481,2018-09-16,20
482,2018-09-16,58
482,2018-10-07,8
482,2018-10-12,42
482,2018-10-17,21
482,2018-10-23,40
482,2018-10-26,20
482,2018-10-29,29
482,2018-11-05,30
482,2018-11-06,17
482,2018-11-10,65
482,2018-11-24,39
482,2018-11-28,173
482,2018-12-06,26
482,2018-12-17,31
482,2018-12-18,24
483,2018-09-18,57
483,2018-09-21,22
483,2018-09-27,35
483,2018-09-30,67
483,2018-10-06,3
483,2018-10-11,58
483,2018-10-12,70
483,2018-10-13,39
483,2018-10-15,49
483,2018-10-16,8
483,2018-10-18,30
483,2018-10-26,69
483,2018-10-28,32
484,2018-09-16,24
484,2018-09-20,25
485,2018-09-17,81
485,2018-09-18,27
485,2018-09-30,39
486,2018-09-17,18
486,2018-09-19,18
486,2018-09-22,1
487,2018-09-15,11
488,2018-09-16,48
489,2018-09-16,47
489,2018-09-23,11
489,2018-10-09,16
489,2018-10-20,60
489,2018-10-23,120
489,2018-10-29,87
489,2018-11-06,135
489,2018-11-11,26
489,2018-11-16,19
489,2018-11-19,82
489,2018-12-01,88
489,2018-12-04,6
489,2018-12-18,40
489,2018-12-20,34
490,2018-09-17,5
490,2018-09-21,6
491,2018-09-17,12
491,2018-09-21,34
492,2018-09-17,18
492,2018-09-18,43
492,2018-09-19,33
492,2018-10-07,13
492,2018-10-23,44
492,2018-11-04,51
492,2018-12-09,66
493,2018-09-16,27
493,2018-09-17,26
493,2018-10-07,16
493,2018-10-08,17
493,2018-10-15,33
493,2018-10-19,22
493,2018-11-07,73
493,2018-11-10,78
493,2018-11-13,7
493,2018-11-29,10
493,2018-12-01,22
493,2018-12-10,28
493,2018-12-15,46
493,2018-12-18,9
493,2018-12-19,23
493,2018-12-20,30
494,2018-09-16,4
494,2018-10-12,5
494,2018-10-14,2
495,2018-09-16,16
495,2018-09-19,15
495,2018-09-29,5
496,2018-09-18,40
496,2018-09-21,27
496,2018-09-22,44
497,2018-09-18,6
497,2018-10-24,3
497,2018-11-11,29
497,2018-11-27,3
497,2018-11-28,25
497,2018-12-09,1
497,2018-12-15,56
498,2018-09-18,32
498,2018-10-04,2
499,2018-09-18,58
499,2018-09-19,27
499,2018-09-20,69
499,2018-09-22,80
499,2018-09-23,55
499,2018-09-25,62
499,2018-09-27,23
499,2018-10-02,37
499,2018-10-07,89
499,2018-10-08,35
499,2018-10-09,33
499,2018-10-10,31
499,2018-10-11,30
499,2018-10-12,89
499,2018-10-13,33
499,2018-10-16,145
499,2018-10-17,226
499,2018-10-18,88
499,2018-10-23,33
499,2018-10-24,57
499,2018-10-25,50
499,2018-10-26,33
499,2018-10-30,37
499,2018-11-10,29
499,2018-11-11,170
499,2018-11-13,15
499,2018-11-18,133
499,2018-11-20,30
499,2018-11-23,38
499,2018-11-28,4
499,2018-11-29,64
499,2018-11-30,29
499,2018-12-01,76
499,2018-12-02,50
499,2018-12-05,35
499,2018-12-06,48
499,2018-12-07,23
499,2018-12-08,7
499,2018-12-16,29
499,2018-12-23,25
